Name,Price,Used For,Transmisson,Colour,Make Year,Mileage,Engine (CC),Fuel,Kilometer Run,Waranty,Types
Hyundai | i20 Active S | TDi | 2015 | Hatchback (Hyundai),"‡§∞‡•Ç. 24,75,000‡§∞‡•Ç. 25,00,000",Private Use,Manual2WD,Brown,2015,14,1400,Petrol,42000,,
Excellent car on sale (Hyundai),"‡§∞‡•Ç. 7,50,000",,Auto2WD,Light blue,2005,11,1399,Petrol,87412,,
TATA 407 Container (Tata),"‡§∞‡•Ç. 7,00,000",,Manual - 2WD,White,2013,,2956,Diesel,60000,,
4x4 swaraj Mazda (Mahindra),"‡§∞‡•Ç. 6,00,000",,Manual - 4WD,,2017,,,Diesel,,,
i20 Active good for used few time (Hyundai),‡§∞‡•Ç. 375,,Auto - 2WD,white,2019,17,1200,Petrol,2400,,
Tata Sumo Gold 2014 GX (Tata),"‡§∞‡•Ç. 14,00,000",,Manual2WD,Artic Silver,2014,12,2956cc,Diesel,,,
Mega XL hatti gadi (Tata),"‡§∞‡•Ç. 7,00,000",,Auto2WD,Brown chocolate colour,2019,15,889,Petrol,80000,,
Maruti Suzuki Alto 2004 On Sale (Maruti Suzuki),"‡§∞‡•Ç. 5,80,000",,Manual - 2WD,Black,2004,,800,Petrol,75000,,
Grand i10 magna 2014 (Hyundai),"‡§∞‡•Ç. 18,45,000",,Manual2WD,Silver,2014,,1200,Petrol,31000,,
Blue colour 2016 model Baleno (Maruti Suzuki),"‡§∞‡•Ç. 20,50,000",private,Auto4WD,blue,2016,17/18 km,1200,Petrol,41000,chaa.,
WagonR Sell or Rent (Maruti Suzuki),"‡§∞‡•Ç. 10,25,000",,Manual2WD,,2008,20,,Petrol,43000,,
2010 model red color santro zinc for sale (Hyundai),"‡§∞‡•Ç. 13,50,000",personal,Manual - 4WD,red,2010,,1100,Petrol,4200,,
Mahindra cabking (Mahindra),"‡§∞‡•Ç. 12,50,000",,Manual2WD,,2018,,,Diesel,,,
2011 model ko kia sportage sales & exchange offer (Kia),"‡§∞‡•Ç. 32,50,000",,Manual - 4WD,,2011,,,Diesel,,,
"2015 model bolero 7 seater 4wd,powerstering sale (Mahindra)","‡§∞‡•Ç. 19,50,000",,Manual4WD,Silver grey,2015,,2500,Diesel,65000,,
‡§¨‡•à‡§Ç‡§ï ‡§∏‡•Å‡§¨‡§ø‡§ß‡§æ ‡§≠‡§è‡§ï‡•ã ‡§∏‡§∏‡•ç‡§§‡•ã ‡§ï‡§æ‡§∞ ‡§∏‡§ô‡•ç‡§ó ‡§™‡§®‡§ø ‡§∏‡§ü‡•ç‡§ü‡§æ ‡§™‡§ü‡•ç‡§ü‡§æ (Mahindra),"‡§∞‡•Ç. 32,00,000",like new,Manual - 2WD,silver,2019,15,2100,Electric,61000,no,
Hyundai I20 Active Diesel 2015 (Hyundai),"‡§∞‡•Ç. 25,00,000",,Manual2WD,Earth Brown,2015,14+,1400,Diesel,42000,,
Isuzu Vcross 2019 (Other Brands),"‡§∞‡•Ç. 51,00,000",,Manual - 4WD,white,2019,,2499,Diesel,51000,,
Mg Zs Ev 2021 On Sale (Other Chinese Brands),"‡§∞‡•Ç. 53,00,000",1 year,Auto - 2WD,Red,2021,300,105,Electric,12200,7 uears,
Niro (Kia),"‡§∞‡•Ç. 58,00,000",,Auto2WD,White,2019,,,Electric,9000,,
Hyundai i10 Magna 1.2 2010 model (Hyundai),"‡§∞‡•Ç. 13,50,000",,Manual - 2WD,Champagne golden,2010,,,Petrol,,,
Like a Brand New Grand i10 sports 0 Push Bottom (Hyundai),"‡§∞‡•Ç. 23,50,000",,Manual - 2WD,passion red,2017,14,1197,Petrol,7000,,
Fore Sale Grand I10 Magna (Hyundai),"‡§∞‡•Ç. 18,50,000",1,Manual - 2WD,Silver,2014,14,1200,Petrol,45000,No,
Kia Rio 2011 Model Best Condition (Kia),"‡§∞‡•Ç. 14,30,000",,Manual - 2WD,Clear white,2011,18,1399,Petrol,59000,,
Hundai Grend I 10 2019 model Sportz (Hyundai),"‡§∞‡•Ç. 26,00,000",3 years,Manual - 2WD,grey,2019,13,1200,Petrol,18300,no,
Hyundai Creta | Model - 2017 | Diesel (Hyundai),"‡§∞‡•Ç. 37,50,000",-,Manual2WD,Polar White,2017,21.4,1582,Diesel,42000,-,
TATA BOLT RT XM (Tata),"‡§∞‡•Ç. 17,80,000",,Manual - 2WD,white,2017,,1193,Petrol,,,
Santro 2010 (Hyundai),"‡§∞‡•Ç. 13,60,000",,Manual - 2WD,Silver,2010,15,1100,Petrol,53000,,
urgent sell (Tata),"‡§∞‡•Ç. 9,50,000",,Auto - 2WD,silver,2013,10,1400,Petrol,,,
Car on sale (Maruti Suzuki),"‡§∞‡•Ç. 26,50,000",Private,Manual2WD,Grey,2017,18/20,1200,Petrol,29000,Yes,
Toyota hilux revo 2018 sell or exchange (Toyota),"‡§∞‡•Ç. 78,50,000",Private,Manual4WD,Sleek silver,2018,12,2.8,Diesel,42000,,
Datsun Go on sale (Datsun),"‡§∞‡•Ç. 12,75,000",5 years,Manual - 2WD,light Blue,2016,16,1200,Petrol,48000,thank you,
Nissan navara le (Nissan),"‡§∞‡•Ç. 24,00,000",private,Manual - 4WD,dark red,2010,10,2500,Diesel,75000,no warranty,
Sentro fresh condition (Hyundai),"‡§∞‡•Ç. 13,00,000",Home,Auto2WD,Blue,2009,18/20,1086,Petrol,80000,Not,
Ford Ecosport for sale (Ford),"‡§∞‡•Ç. 29,50,000",5 years,Manual2WD,Space grey,2017,17,1500,Petrol,26000,No warannty,
One Week Offer Price Fiat Avventura Dynamic 2016.. (Fiat),"‡§∞‡•Ç. 15,50,077",,Manual2WD,Exo - Red,2016,,1368,Petrol,57000,,
Hyundai Venue 2021 like Brand new on Sale (Hyundai),"‡§∞‡•Ç. 35,25,000",1 year,Manual2WD,White,2021,18,1200,Petrol,13750,Company warranty,
Scorpio S4+ (Mahindra),"‡§∞‡•Ç. 34,50,000",Prasnal,Auto - 4WD,Silbhar,2016,,,Diesel,750840,,
FORD IKON FULL OPTION FRESH N SMOOTH (Ford),"‡§∞‡•Ç. 5,50,000",10,Manual - 2WD,grey,2003,15,1299,Petrol,52000,non,
Ford Figo (Trend) (Ford),"‡§∞‡•Ç. 15,00,000",6 years,Manual2WD,Off white,2016,14,1200,Petrol,70000,No,
"Fully fresh, excellent condition, tax cleared (Hyundai)","‡§∞‡•Ç. 6,40,000",,Manual2WD,,2002,,1086,Petrol,,,
Kia sportage AWD 8air bag fully looded for sale (Kia),"‡§∞‡•Ç. 32,50,000",12 years,Manual - 4WD,chocolate gry,2011,13,2000,Diesel,67000,no,
car sell (Nissan),"‡§∞‡•Ç. 5,50,000",,Auto - 2WD,,1997,,,Diesel,,,
2023 Nissan Magnite XE (Nissan),"‡§∞‡•Ç. 33,99,000",,Manual - 2WD,Brown,2023,,999,Petrol,,,
Spark (Chevrolet),"‡§∞‡•Ç. 5,75,000",home office,Manual - 2WD,golden,2007,12,,Petrol,,,
i20 activeS2016 just like brand new exchange offer (Hyundai),"‡§∞‡•Ç. 28,50,000",,Manual - 2WD,,2017,,,Petrol,38000,,
wagonar bikrima (Maruti Suzuki),"‡§∞‡•Ç. 10,50,000",13,Manual - 2WD,Red,2010,15,1086,Petrol,75000,No,
santro bikrima (Hyundai),"‡§∞‡•Ç. 10,50,000",16,Manual - 2WD,white,2007,14,1086,Petrol,71000,No,
ZEN 2006 (Maruti Suzuki),"‡§∞‡•Ç. 7,49,000",,Manual - 4WD,Silkie Silver,2006,16,1000,Petrol,74000,,
Creta SX 2019 Like new (Hyundai),"‡§∞‡•Ç. 43,00,000",32 months,Manual2WD,White,2019,14,1600,Petrol,24000,,
Wagon R 2009 (Maruti Suzuki),"‡§∞‡•Ç. 8,95,000",,Manual - 2WD,,2009,,,Petrol,,,
2010 i 10 MAGNA (Hyundai),"‡§∞‡•Ç. 14,00,000",,Manual - 2WD,blue,2010,,1200,Petrol,39888,,
Hyundai Accent 2006 Narayani Number (Hyundai),"‡§∞‡•Ç. 5,50,000",,Manual - 2WD,,2006,17,1400,Petrol,,,
Honda Jazz 2016 model (Honda),"‡§∞‡•Ç. 23,50,000",6 years,Manual2WD,White,2016,,1200,Petrol,34200,,
maruti suzuki ZEN LX (Maruti Suzuki),"‡§∞‡•Ç. 4,75,000",1,Auto - 2WD,silver,2002,18,1000,Petrol,70000,,
Truck for sale (Tata),"‡§∞‡•Ç. 18,25,000",Supply Transportation,PowerSteering,Orange,2017,,,Diesel,,,
School Bus On Sale,"‡§∞‡•Ç. 21,00,000",School,Manual - 2WD,Yellow,2016,10,3700,Diesel,30000,No,
Single hand Honda Jazz VMT Fully Loaded (Honda),"‡§∞‡•Ç. 24,50,000",6 years,Manual2WD,Morun metallic,2016,12,1200,Petrol,30000,Yes,
TATA 709 EX SCHOOL BUS (Tata),"‡§∞‡•Ç. 7,00,000",12 years,Auto - 2WD,yellow,2012,5,3783,Diesel,60000,No,
Nissan sunny 2014 full option sedan for sale (Nissan),"‡§∞‡•Ç. 15,99,999",,Manual2WD,Grey,2014,,250,Petrol,42500,,
Nissan kicks XV 2021 (Nissan),"‡§∞‡•Ç. 44,99,999",,Manual - 4WD,Grey,2021,3800,,Petrol,3700,,
Haval H6 AWD 2021 Top Version (Great Wall Motors),"‡§∞‡•Ç. 97,00,000",,Auto4WD,Atlantis Blue,2021,,,Petrol,16777,,
ford figo 2016 (Ford),"‡§∞‡•Ç. 15,50,000",,Manual4WD,,2016,,,Petrol,,,
Volkswagen Polo 1.6 (Volkswagen),"‡§∞‡•Ç. 16,50,000",few times,Manual2WD,Grey,2011,12,1600,Petrol,55708,,
kia pincato 2010 full option (Kia),"‡§∞‡•Ç. 97,50,000",personal use,Auto - 2WD,gray,2010,18,1200,Petrol,57000,6 month on engine /gear box /clus plate,
ELECTRIC CAR FOR SALE! BRAND NEW E VERITO (Mahindra),"‡§∞‡•Ç. 20,50,000",5 MONTHS,Auto2WD,GREY,2020,160,30KW BATTERY,Electric,6000,100000KM 3 YEARS,
Hyundai Santro Fresh 2011 (Hyundai),"‡§∞‡•Ç. 14,00,000",Persona,Manual - 2WD,Silver,2011,14,1084,Petrol,57560,Company,
golden chance 2015 model i20 active s car on sale (Hyundai),"‡§∞‡•Ç. 22,99,999",,Manual - 2WD,,2015,,,Petrol,,,
2014 Honda City (Honda),"‡§∞‡•Ç. 20,99,000",,Manual2WD,Maroon,2014,,,Petrol,55000,,
2014 Honda City on Sale (Honda),"‡§∞‡•Ç. 20,99,000",,Manual - 2WD,Maroon,2014,16,,Petrol,55000,,
Swift ZXI 2009 9823584566 (Maruti Suzuki),"‡§∞‡•Ç. 14,25,000",14 years,Manual - 2WD,Dust grey,2009,13,1300,Petrol,70000,,
TATA INDIGO MANZA LX (Tata),"‡§∞‡•Ç. 14,00,000",,Manual - 2WD,white,2014,18,1248,Diesel,60000,,
Sonalika tractor (Other Brands),"‡§∞‡•Ç. 12,50,000",,Manual2WD,Blue,2020,,,Diesel,,,
Volkswagen Polo (Volkswagen),"‡§∞‡•Ç. 14,80,000",,Manual - 2WD,White,2012,,1200,Petrol,,,
"Swift Vxi 2017 model, single hand (Maruti Suzuki)","‡§∞‡•Ç. 20,00,000",office,Auto2WD,Silver,2017,16,1200,Petrol,35200,-,
2022 Kia seltos HTK+ imt semi auto (Kia),"‡§∞‡•Ç. 52,00,000",6months,Manual2WD,White,2022,15 km/l,1500,Petrol,6700,5years company warranty,
5lakh cash ma ramro vhanda ramro gadi chahiyo? (Other Brands),"‡§∞‡•Ç. 5,00,000",,Power Steering,,2005,,,Petrol,,,
"Tata Motors, Winger,2017, Yellow , 14 Seats (Tata)","‡§∞‡•Ç. 21,00,000",School,Manual2WD,Yellow,2017,,1948,Diesel,93726,,
Maruti Suzuki swift (Maruti Suzuki),"‡§∞‡•Ç. 19,50,000",Office purpose,Auto2WD,Silver,2013,13-15,1200,Petrol,47000,Visit check up,
hurry hurry aayo compass limited jeep xito xito xi (Jeep),"‡§∞‡•Ç. 80,00,000",personal,Manual - 2WD,cream white,2021,17,1956,Diesel,9500,,
Opel corsa 1.4 (Other Brands),"‡§∞‡•Ç. 3,75,000",,Manual2WD,Silver,2000,10,1400,Petrol,71000,,
Maruti suzuki Astar (Maruti Suzuki),"‡§∞‡•Ç. 9,20,000",,Auto2WD,,2009,,,Petrol,70000,,
"Nissan X-trail, 2010, beige colour, diseal (Nissan)","‡§∞‡•Ç. 32,00,000",,Manual - 4WD,beige,2010,,2000,Diesel,70000,,
Skoda Khushaq (Skoda),"‡§∞‡•Ç. 55,00,000",16 months,Manual - 2WD,Selki silver,2021,15,1000,Petrol,24800,Yes,
Kia Seltos auto 2021 (Kia),"‡§∞‡•Ç. 57,50,000",2,Auto2WD,Pearl White,2021,10 to 15,1500,Petrol,14500,1 years,
hyundai eon era + (Hyundai),"‡§∞‡•Ç. 11,75,000",9year,Manual - 2WD,nilo,2013,15,800,Petrol,32000,0,
Brezza Zxi+ Petrol 2021 Model (full Options) (Maruti Suzuki),"‡§∞‡•Ç. 41,25,000",,Manual - 2WD,Silky silver,2021,16,1500,Petrol,12000,,
Nexon Ex. 2022 LUX 12000km only (Tata),"‡§∞‡•Ç. 37,00,000",,Auto - 2WD,blue white,2022,270,30,Electric,12000,almots 8 yrs,
Land cruiser Prado tx (Toyota),"‡§∞‡•Ç. 1,67,00,000",,Auto4WD,White,2016,,2882,Diesel,46543,,
Mistubishi ls200 (Mitsubishi),"‡§∞‡•Ç. 76,50,000",2,Manual4WD,Blue,2020,12,2400,Diesel,32000,,
Hyundai Create 2017 Model White Color (Hyundai),"‡§∞‡•Ç. 33,00,000",5 year‚Äôs,Manual - 2WD,White,2017,15,1599,Petrol,70000,No,
terious 2008 model is for sale (Daihatsu),"‡§∞‡•Ç. 27,75,000",persional,Manual - 4WD,white,2008,,1500,Petrol,71000,accident free,
eeco van (Maruti Suzuki),"‡§∞‡•Ç. 14,00,000",,Power Steering,silver,2015,12,1200,Petrol,,,
Vitara Brezza 2020 Zxi+ (Maruti Suzuki),"‡§∞‡•Ç. 40,00,000",2 years,Manual - 2WD,Red + Black,2020,15,1500,Petrol,34000,3 yeara,
Baleno Zeta 2020 (Maruti Suzuki),"‡§∞‡•Ç. 30,00,000",1 year,Manual - 2WD,Blue,2020,18,1200,Petrol,11000,4 years,
Fresh Mini Jeep On Sell (Other Chinese Brands),"‡§∞‡•Ç. 10,05,000",,Manual - 2WD,Silver,2009,12,1300,Petrol,0,,
Tata Yodha 2021 Model (Tata),"‡§∞‡•Ç. 15,00,000",1 year,Manual - 2WD,White,2021,,2900,Diesel,45000,,
maruti suzuki ritz (Maruti Suzuki),"‡§∞‡•Ç. 12,25,000",6,Auto - 2WD,gray,2010,15,1200,Petrol,62000,no,
Toyota Fortuner 2010 (Toyota),"‡§∞‡•Ç. 70,00,000",,Manual - 4WD,Golden,2010,10,2800,Diesel,52000,,
"Maruti Suzuki Alto 800 Lxi, (Maruti Suzuki)","‡§∞‡•Ç. 13,25,000",,Manual - 2WD,Red,2016,18,800,Petrol,42500,,
car swift ZXI (Maruti Suzuki),"‡§∞‡•Ç. 23,00,000",personal used,Auto - 2WD,Grey,2016,,1200,Petrol,25000,no warranty,
Single Handed Bolero D/c 4wd P/s 2018 For Sell (Mahindra),"‡§∞‡•Ç. 21,00,000",,Manual - 4WD,White,2018,15,2523,Diesel,59000,,
I 20Asta Elite (Hyundai),"‡§∞‡•Ç. 27,50,000",Years,Manual2WD,Gray,2016,,1200,Petrol,23000,,
"Grand i10 magna 1.2, (Hyundai)","‡§∞‡•Ç. 25,25,000",,Manual - 2WD,silver,2019,15,1200,Petrol,17000,,
Skoda yeti in excellent condition (Skoda),"‡§∞‡•Ç. 23,25,000",12,Manual4WD,Black,2010,12,1.8,Petrol,72000,No,
Bolero Double cab for sale (Mahindra),"‡§∞‡•Ç. 23,50,000",,PowerSteering,Off white,2021,,2500,Diesel,,,
i20 Sportz 2010 for sale (Hyundai),"‡§∞‡•Ç. 15,99,000",11 years,Manual - 2WD,Grey,2010,14,1197,Petrol,60500,No warranty,
Suzuki Omni Cargo Van 2012 Contact no. 9813293195 (Maruti Suzuki),"‡§∞‡•Ç. 4,20,000",,Auto2WD,White,2012,18,800,Petrol,,,
"Hyundai i10 2011 model, Good condition (Hyundai)","‡§∞‡•Ç. 15,00,000",1st hand drive,Manual2WD,blue,2011,,1200,Petrol,45400,,
Kia seltos HTX IVT Automatic transmission (Kia),"‡§∞‡•Ç. 58,00,000",Commercial vehicle,Auto2WD,White,2021,14,1600,Petrol,8000,Available upto 1yr,
Fresh eco van ungent sale (Maruti Suzuki),"‡§∞‡•Ç. 20,75,000",,Manual - 2WD,silver,2021,,1200,Petrol,31000,,
car on sale (Mahindra),"‡§∞‡•Ç. 29,75,000",companye,Manual - 2WD,silver,2016,16,2179,Diesel,62370,no,
Ssangyong TIVOLI 2019 (1600 CC) (Ssangyong),"‡§∞‡•Ç. 39,90,000",,Auto - 2WD,Red,2019,,1600,Petrol,38000,,
Bus on sale tata 2010 kritipur to ratnapark root (Tata),"‡§∞‡•Ç. 7,00,000",,Manual - 4WD,,2010,,3500,Diesel,,,
Suzuki Swift Zxi 2014 (Maruti Suzuki),"‡§∞‡•Ç. 21,00,000",8,Manual - 2WD,White,2014,18,1200,Petrol,58000,Engine,
tata mobil gadi on sell (Tata),"‡§∞‡•Ç. 3,50,000",work,Auto - 2WD,blue,2007,7,1948,Diesel,35000,,
Van (Maruti Suzuki),"‡§∞‡•Ç. 4,00,000",,Auto2WD,White,2014,14,800,Petrol,5500,,
fresh gadi kehi problem xaina 2010 model 950000 (Mahindra),"‡§∞‡•Ç. 9,50,000",,Manual - 2WD,,2010,,2500,Diesel,,,
Fully Loaded Full Option Branded Car Opel Corsa (Other Brands),"‡§∞‡•Ç. 3,95,900",15 years,Manual2WD,Silver,2000,15,1600,Petrol,50000,,
Scorpio lx (Mahindra),"‡§∞‡•Ç. 23,50,000",,Manual2WD,Army green,2014,15,2200,Diesel,97500,,
Super Fresh High Copy Of Terios 2011 Zotye 1.6 ABS (Other Chinese Brands),"‡§∞‡•Ç. 10,75,900",8 years,Manual2WD,Blue,2011,15,1600,Petrol,40000,,
FIAT AVVENTURA 1.4 DYNAMIC ON SALE (Fiat),"‡§∞‡•Ç. 16,00,000",personal use,Manual2WD,Silver,2015,12km.ltr,1383,Petrol,25125,NA,
Tata indica model 2007 500000 9860462630 (Tata),"‡§∞‡•Ç. 5,00,000",,Manual2WD,Black,2007,,1500,Diesel,71000,,
Chevrolet Spark on Sale (Chevrolet),"‡§∞‡•Ç. 9,00,000",5 years,Manual2WD,Golden,2012,18 kmpl,995,Petrol,30000,None,
Well maintained Scorpio on sale (Mahindra),"‡§∞‡•Ç. 17,20,000",,Manual2WD,White,2007,,2400,Diesel,100000,,
Hyundai i20 sportz 2010 urgent Sale (Hyundai),"‡§∞‡•Ç. 15,00,000",,Auto2WD,White,2010,,1198,Petrol,43000,,
Santro Xing Car for sale (Hyundai),"‡§∞‡•Ç. 10,50,000",,Power Steering,Sky blue,2006,,1086,Petrol,,,
Toyota corolla /1975/ (Toyota),"‡§∞‡•Ç. 18,00,000",private,Manual - 2WD,silver,1975,12,1200,Petrol,95000,no warranty,
Suzuki Baleno Delta 2018 Model (Maruti Suzuki),"‡§∞‡•Ç. 22,65,000",,Power Steering,Premium silver,2018,16,1200,Petrol,43000,3 months,
I20 actives 2016 model on sell or xchange (Hyundai),"‡§∞‡•Ç. 26,00,000",,Manual - 2WD,white,2016,,1200,Petrol,34000,,
kia sportage 2.0 korean (Kia),"‡§∞‡•Ç. 14,50,000",private,Manual - 4WD,red,2005,11,2000,Diesel,95000,no warranty,
ecosport on sell (Ford),"‡§∞‡•Ç. 19,00,000",,Manual - 2WD,,2013,,1000,Petrol,,,
Toyota Corolla Lx 2009 Auto A/C 6 Airbag On Sale (Toyota),"‡§∞‡•Ç. 23,50,000",,Manual - 2WD,White,2009,12,1600,Petrol,55000,,
Skoda Rapid Model 2015 1600 Cc (Skoda),"‡§∞‡•Ç. 16,00,000",,Manual - 2WD,Silver,2015,12,1600,Petrol,65000,,
Santo xing on sale full option 2003 model on sale (Hyundai),"‡§∞‡•Ç. 8,00,000",,Manual - 2WD,,2003,,1086,Petrol,90000,,
2002 model full option santro for sale (Hyundai),"‡§∞‡•Ç. 5,70,000",6 years,Manual - 2WD,Sky blue,2002,14,1086,Petrol,89,No,
2001 model frees santro for sale (Hyundai),"‡§∞‡•Ç. 4,70,000",7 years,Manual - 2WD,White,2001,14,1000,Petrol,95,No,
2021 model Sonet like new only 10000 KM run (Kia),"‡§∞‡•Ç. 30,80,000",1 year,Manual2WD,Grey,2021,12,1200,Petrol,10000,Dealer,
Tata nexon EV (Tata),"‡§∞‡•Ç. 38,50,000",,Auto2WD,,2022,,,Electric,,,
sale (Hyundai),"‡§∞‡•Ç. 12,90,000",parsonal,Manual - 2WD,gray,2008,12,1200,Petrol,67000,no,
Suzuki AStar zxi (Maruti Suzuki),"‡§∞‡•Ç. 11,25,000",,Auto2WD,Blue,2010,20-21,1000,Petrol,72000,,
Hyundai Santro Xing Xo 2005 (Hyundai),"‡§∞‡•Ç. 9,50,000",,Manual2WD,White,2005,,1086,Petrol,,,
Hyundai Santro Gls Plus 2013 (Hyundai),"‡§∞‡•Ç. 14,90,000",,Manual2WD,Grey,2013,,1086,Petrol,40000,,
Maruti Suzuki Baleno Delta 2016 (Maruti Suzuki),"‡§∞‡•Ç. 20,75,000",,Manual2WD,Blue,2016,,1197,Petrol,39000,,
Maruti Suzuki Zen Estilo Vxi 2010 (Maruti Suzuki),"‡§∞‡•Ç. 10,75,000",,Manual2WD,Silver,2010,,996,Petrol,61477,,
2010 Maruti Suzuki (Maruti Suzuki),"‡§∞‡•Ç. 13,00,000",,Manual - 2WD,,2010,,,Petrol,,,
Cargo maruti (Maruti Suzuki),"‡§∞‡•Ç. 5,00,000",Carring goods,Manual4WD,White,2015,15,800,Petrol,40000,No,
"2015 model swift zxi singlehanded sale,exng bike (Maruti Suzuki)","‡§∞‡•Ç. 22,50,000",,Manual2WD,Silver,2015,,1200,Petrol,46000,,
FINANCE PANI Hatti Gadi Urgent Sell 9849193421 (Tata),"‡§∞‡•Ç. 11,00,000",delevery,Manual4WD,white,2018,16,1405,Diesel,95000,no,
Hyundai i20 asta 2010 (Hyundai),"‡§∞‡•Ç. 15,25,000",,Manual - 2WD,51000,2010,,1198,Petrol,,,
Nissan Magnite XV Dual (Nissan),"‡§∞‡•Ç. 40,34,000",,Manual - 2WD,,2023,,999,Petrol,,,
"2016 Swift Dezire Vxi Sale, Exchange, Finance (Maruti Suzuki)","‡§∞‡•Ç. 20,75,000",Private,Manual - 2WD,Brown,2016,16,1200,Petrol,47000,,
santro xing (Hyundai),"‡§∞‡•Ç. 6,50,000",,Power Steering,sliver,2001,15,1000,Petrol,80000,,
GRAND I 10 Magna 1.2 (Hyundai),"‡§∞‡•Ç. 25,50,000",,Manual - 4WD,Silver,2019,,1196,Petrol,17000,,
Puegot (Other Brands),"‡§∞‡•Ç. 5,00,000",,Manual - 2WD,sky,2001,,2800,Petrol,90000,,
Volswagen CrossPolo (Volkswagen),"‡§∞‡•Ç. 20,50,000",,Manual - 2WD,black,2015,,1600,Petrol,35000,,
Fiat Aventura (Fiat),"‡§∞‡•Ç. 15,50,000",,Manual - 2WD,white,2015,13,1400,Petrol,35000,,
Hyundai Creta Sx top variant (Hyundai),"‡§∞‡•Ç. 45,75,000",,Manual - 2WD,white,2019,,1500,Petrol,38000,,
Ecosport ford Ambient (Ford),"‡§∞‡•Ç. 22,50,000",,Manual - 2WD,Orange,2016,,15000,Petrol,50000,,
S Hyundai i20 Active (Hyundai),"‡§∞‡•Ç. 28,65,000",,Manual - 2WD,chocolate,2017,,1197,Petrol,35000,,
Top variant Hyundai i 20 Active (Hyundai),"‡§∞‡•Ç. 29,00,000",,Manual - 2WD,white,2017,,1200,Petrol,38000,,
Chevrolet Optra (Chevrolet),"‡§∞‡•Ç. 12,50,000",,Manual - 2WD,golden,2012,,1400,Petrol,38000,,
Grand i10 Magna New shape (Hyundai),"‡§∞‡•Ç. 23,00,000",,Manual - 2WD,mehroon,2018,14,1200,Petrol,27000,,
volswagen Tiguan (Volkswagen),"‡§∞‡•Ç. 31,50,000",,Manual - 2WD,Grey,2010,,2000,Petrol,75000,,
Suzuki Breeza zxi plus (Maruti Suzuki),"‡§∞‡•Ç. 39,75,000",,Manual - 2WD,Red,2021,,1300,Petrol,30000,,
Hyundai i10Magna (Hyundai),"‡§∞‡•Ç. 12,65,000",,Manual - 2WD,Blue,2009,,1197,Petrol,61000,,
Green Indica (Tata),"‡§∞‡•Ç. 3,95,000",,Manual - 2WD,green,2003,,1400,Diesel,75000,,
Tata Indica (Tata),"‡§∞‡•Ç. 3,90,000",,Manual - 2WD,black,2000,13,1400,Petrol,90000,,
Bolero pickup Fully loaded (Mahindra),"‡§∞‡•Ç. 15,50,000",,Manual - 4WD,white,2016,13,2523,Diesel,45000,,
Ford Ecosport Titanium push bottom (Ford),"‡§∞‡•Ç. 24,25,000",,Manual - 2WD,orange,2016,13,1500,Petrol,38000,,
Hyundai I20 Elite Asta (Hyundai),"‡§∞‡•Ç. 22,75,000",,Manual - 2WD,silver,2015,14,1200,Petrol,40000,,
Nissan March (Nissan),"‡§∞‡•Ç. 15,25,000",,Manual - 2WD,silver,2014,14,1197,Petrol,38000,,
Suzuki Swift VXI 2009 for sale (Maruti Suzuki),"‡§∞‡•Ç. 13,99,000",11 years,Manual - 2WD,Grey,2009,14,1300,Petrol,52000,No warranty.,
Diahatsu Sirion (Daihatsu),"‡§∞‡•Ç. 8,75,000",,Manual - 2WD,silver,2007,14,1000,Petrol,61000,,
Hyyundai Tucson (Hyundai),"‡§∞‡•Ç. 21,50,000",,Manual - 4WD,Red,2007,13,2000,Diesel,78000,,
Suzuki cargo van (Maruti Suzuki),"‡§∞‡•Ç. 5,40,000",,Manual - 2WD,white,2014,14,800,Petrol,610000,,
Toyota Yaris silver colour one hand 2007 (Toyota),"‡§∞‡•Ç. 14,00,000",Private,Auto2WD,Silver,2007,14,1400,Petrol,100000,No,
Suzuki Swift Dezire New Shape (Maruti Suzuki),"‡§∞‡•Ç. 21,90,000",,Manual - 2WD,Mehroon,2017,14,1197,Petrol,38000,,
wagon r (Maruti Suzuki),"‡§∞‡•Ç. 13,75,000",Private,Manual - 2WD,silver,2014,16,1000,Petrol,28000,no,
Grand i10 Asta 2014 (Hyundai),"‡§∞‡•Ç. 21,25,000",,Manual - 2WD,Stardust,2014,,1197,Petrol,48000,,
Ford Fiesta Classic (Ford),"‡§∞‡•Ç. 11,50,000",,Manual - 2WD,White,2014,16,1400,Diesel,70,,
Toyota fortuner 2015 model (Toyota),"‡§∞‡•Ç. 97,00,000",,Manual - 4WD,white,2015,,3000,Diesel,,,
Honda brio smt 2012 model seal pack engine (Honda),"‡§∞‡•Ç. 13,50,000",10 years,Manual2WD,Blue,2012,14,1200,Petrol,59000,No,
Mazda 2 (Mazda),"‡§∞‡•Ç. 16,25,000",,Manual - 2WD,,2010,,1500,Petrol,61000,,
Grand Vitara 2007 model (Maruti Suzuki),"‡§∞‡•Ç. 19,50,000",,Manual - 4WD,Silver,2007,,,Petrol,,,
Polo 1.6 2013 Highline (Volkswagen),"‡§∞‡•Ç. 17,25,000",,Manual - 2WD,,2013,,,Petrol,62000,,
Mahindra E2o Electric Car (Mahindra),"‡§∞‡•Ç. 13,75,000",,Auto - 2WD,,2016,,,Electric,,,
swift vxi 2012 mode is for sale (Maruti Suzuki),"‡§∞‡•Ç. 16,75,000",persional,Manual - 2WD,silver,2012,,1200,Petrol,52000,accident free,
Second hand Bolt XM (Tata),"‡§∞‡•Ç. 19,99,999",,Manual2WD,Dew white,2017,17,1200,Petrol,50000,,
Suzuki car (Maruti Suzuki),"‡§∞‡•Ç. 7,50,000",,Manual2WD,gray,2008,,800,Petrol,,,
‡§∏‡§¨‡•à ‡§≠‡§®‡•ç‡§¶‡§æ ‡§∏‡§∏‡•ç‡§§‡•ã ‡§Æ‡•Ç‡§≤‡•ç‡§Ø‡§Æ‡§æ indigo 2010 full option (Tata),"‡§∞‡•Ç. 7,95,000",personal use,Manual - 2WD,artic silver,2010,18,1405,Diesel,64000,no,
2021 model Hyundai Venue-S 9847699255 (Hyundai),"‡§∞‡•Ç. 36,50,000",,Manual - 2WD,white,2021,,1200,Petrol,21000,,
KIA SELTOS HTK+2020 (Kia),"‡§∞‡•Ç. 42,75,000",Self,Manual - 2WD,Magnative Gray,2020,16,1500,Petrol,28500,,
Magnite like new (Nissan),"‡§∞‡•Ç. 24,50,000",,Manual2WD,Silver,2021,15,1000,Petrol,5600,,
Second hand swift zxi (Maruti Suzuki),"‡§∞‡•Ç. 19,00,000",,Auto2WD,Metallic grey,2013,18,1200,Petrol,45000,,
Hyundai Creta E+ On Sale (Hyundai),"‡§∞‡•Ç. 39,50,000",,Manual - 2WD,White,2019,,1600,Petrol,20000,,
Maruti Suzuki Celerio Auto Gear On Sale (Maruti Suzuki),"‡§∞‡•Ç. 18,50,000",,Auto - 2WD,Green,2014,12,1000,Petrol,40000,,
Second hand Nexon (Tata),"‡§∞‡•Ç. 34,00,000",,Auto2WD,Dark blue,2018,18,1500,Diesel,40000,,
Hyundai Santro On Sale (Hyundai),"‡§∞‡•Ç. 11,00,000",,Manual - 4WD,Silver,2007,,1000,Petrol,60000,,
Hyundai I20 Active S On Sale (Hyundai),"‡§∞‡•Ç. 28,50,000",,Manual - 2WD,Brown,2017,,1200,Petrol,50000,,
2010 model Tata Safari VX 7 sitter 4wd 9847699255 (Tata),"‡§∞‡•Ç. 11,75,000",,Manual - 4WD,green,2010,,2169,Diesel,70000,,
Mahindra Scorpio S4 On Sale (Mahindra),"‡§∞‡•Ç. 31,50,000",,Manual - 2WD,Blue,2016,12,2200,Diesel,50000,,
Full option Ford Ecosport for Sale (Ford),"‡§∞‡•Ç. 22,99,000",7 years,Manual2WD,Smoke Grey,2015,15,1499,Diesel,50000,NA,
Airport Pick-up & Drop (Maruti Suzuki),"‡§∞‡•Ç. 15,00,000",,Manual - 2WD,,2015,,1100,Petrol,,,
VW Taigun for sale (Volkswagen),"‡§∞‡•Ç. 62,00,000",,Auto2WD,Steel Grey,2021,,,Petrol,17000,,
Volkswagen Touareg 2010 (Volkswagen),"‡§∞‡•Ç. 62,00,000",12,Auto4WD,White,2010,,2967,Diesel,98000,,
Hyundai Creta 1.6 Gasoline Sx for sale (Hyundai),"‡§∞‡•Ç. 55,00,000",Private,Manual2WD,Polar White,2019,,1591,Petrol,30000,,
Renault duster (rxl) (Renault),"‡§∞‡•Ç. 24,00,000",private,Manual - 2WD,orange-coloured,2016,12,1596,Petrol,36000,no warranty,
Ufo jonway chinese (Other Chinese Brands),"‡§∞‡•Ç. 10,50,000",private,Manual - 2WD,white metallice,2010,10,1596,Petrol,65000,no warranty,
santro 2003 (Hyundai),"‡§∞‡•Ç. 6,50,000",,Power Steering,,2003,15,1000,Petrol,,,
Hyundai I20 Asta Diesel engine CRDI (Hyundai),"‡§∞‡•Ç. 13,75,000",,Manual2WD,Silver,2010,,1400,Diesel,47000,,
SUPER FRESH CONDITION SUZUKI SWIFT DEZIRE ON SALE (Maruti Suzuki),"‡§∞‡•Ç. 11,85,000",12 years,Manual2WD,Silver,2009,15,1300,Petrol,45000,,
Tata Ace Ht 2017 (Tata),"‡§∞‡•Ç. 6,30,000",Halka saman matra bokeko,Auto - 2WD,Blue,2017,15,702,Diesel,5900,No,
Maruti Suzuki Eeco Van 5seater With AC 2017 Model (Maruti Suzuki),"‡§∞‡•Ç. 14,75,000",,Manual - 2WD,White,2017,,1196,Petrol,38300,,
maruti suzuki brezza vxi 2021 (Maruti Suzuki),"‡§∞‡•Ç. 40,50,000",personal,Manual - 2WD,premium silver,2021,20,1500,Petrol,17000,as per company rules,
Kia Sportage single hand with multiple airbag (Kia),"‡§∞‡•Ç. 57,00,000",,Manual - 4WD,grey,2016,,2500,Diesel,36200,,
maruti Suzuki Eeco van with AC (5seater) (Maruti Suzuki),"‡§∞‡•Ç. 14,75,000",,Manual - 2WD,white,2017,,1196,Petrol,38300,,
Mahindra Scorpio S4 plus 2016 single hand (Mahindra),"‡§∞‡•Ç. 33,00,000",,Power Steering,silver,2016,,2000,Petrol,56000,,
Hyundai Kona Electric 150kW (Hyundai),"‡§∞‡•Ç. 65,00,000",1.5 years,Auto - 2WD,metallic blue,2020,550,,Electric,20000,7 years battery warranty,
Fresh Condition Suzuki Swift Vxi 2009 Model onsale (Maruti Suzuki),"‡§∞‡•Ç. 13,50,000",,Manual2WD,silver,2009,13-Dec,1298,Petrol,64000,,
Hyundai tucson (Hyundai),"‡§∞‡•Ç. 23,50,000",private,Manual - 4WD,blue,2009,12,2000,Diesel,73000,no warranty,
Fresh Condition I10 Magna 1.2 2013 Model For Sell (Hyundai),"‡§∞‡•Ç. 17,00,000",,Manual - 2WD,Cream white,2013,14,1200,Petrol,62000,,
Urgent Sale Tata xenon Doible cabin 4 WD 2015 (Tata),"‡§∞‡•Ç. 14,00,000",,Manual4WD,silver,2015,,2200,Diesel,130000,,
Hyundai Creta 2022 model (Hyundai),"‡§∞‡•Ç. 48,00,000",,Manual - 2WD,white,2022,,,Diesel,,,
hilux on sale (Toyota),"‡§∞‡•Ç. 76,00,000",personal,Auto - 4WD,white,2017,15,2700,Petrol,65000,nop,
suzuki brezza zdi+ (Maruti Suzuki),"‡§∞‡•Ç. 31,00,000",private,Manual - 2WD,grey,2017,18,1248,Diesel,56000,no warranty,
Tata Sumo Victa 2008 (Tata),"‡§∞‡•Ç. 9,75,000",,Manual - 2WD,silver,2008,,1948,Diesel,56000,,
I10 Magna 2009 ( 9851008482) (Hyundai),"‡§∞‡•Ç. 13,50,000",,Manual - 2WD,Black,2009,,1197,Petrol,,,
Eicher terra 16xp tipper sasto ma bikrima (Eicher),"‡§∞‡•Ç. 37,00,000",,PowerSteering,Yellow,2021,,4898,Diesel,3700,,
suzuki alto (Maruti Suzuki),"‡§∞‡•Ç. 6,99,000",personal use,Auto - 2WD,silver,2007,,800,Petrol,,,
Tata indica 500000 9860462630 (Tata),"‡§∞‡•Ç. 5,00,000",,Auto2WD,Black,2007,,1500,Petrol,20,,
Swift Dzire 2010 Model (Maruti Suzuki),"‡§∞‡•Ç. 14,00,000",1 year,Power Steering,Grey,2010,15,1300,Petrol,61000,1 week,
Ufo jeep for sale (Other Chinese Brands),"‡§∞‡•Ç. 15,00,000",,Manual2WD,Mate Black,2010,,1600,Petrol,86000,,
Excellent Condition Maruti Suzuki Alto 800 On Sale,"‡§∞‡•Ç. 12,50,000",,Manual - 2WD,Grey,2015,,800,Petrol,40352,,
omni cargo van 2012 for sale (Maruti Suzuki),"‡§∞‡•Ç. 5,25,000",few years,Manual - 2WD,white,2012,10,800,Petrol,8200,no,
good condition somu gold ex 2016 ko fresh xa (Tata),"‡§∞‡•Ç. 15,00,000",privet,Manual - 2WD,read,2016,14,2900,Diesel,80000,no,
good condition bolero dubele cap 4√ó4 (Mahindra),"‡§∞‡•Ç. 17,50,000",privet,Manual - 4WD,white,2018,12,2523,Diesel,60000,no,
Double Cabin bolero on Sell with full condition (Mahindra),"‡§∞‡•Ç. 13,50,000",,Auto4WD,,2014,,,Diesel,,,
Like New 2021 Suzuki Wagon R up for sale (Maruti Suzuki),"‡§∞‡•Ç. 22,75,000",,Manual2WD,Grey,2021,,1000,Petrol,15000,,
Hyundai I 10 Megna car On sell. (Hyundai),"‡§∞‡•Ç. 13,25,000",,Auto - 2WD,Silver,2009,,1200,Petrol,70000,,
Swift Zxi 2015 Model With Push Bottom On Sale (Maruti Suzuki),"‡§∞‡•Ç. 21,49,999",,Manual - 2WD,Red,2015,16,1200,Petrol,41100,,
2017 model bolero flat body sale or exng with car (Mahindra),"‡§∞‡•Ç. 14,50,000",,Manual2WD,White,2017,,2500,Petrol,53000,,
Maruti Suzuki Alto (Maruti Suzuki),"‡§∞‡•Ç. 11,00,000",singal hand,Power Steering,silver,2011,17,1000,Petrol,58000,no,
Honda City Zxi (Honda),"‡§∞‡•Ç. 11,00,000",,Manual - 2WD,Silver,2007,,1500,Petrol,75000,,
Nissan Patrol Automatic (Nissan),"‡§∞‡•Ç. 1,15,00,000",,Auto4WD,Silver,2014,,3000,Diesel,,,
Hyundai i20 Active (Hyundai),"‡§∞‡•Ç. 25,00,000",7 years',Manual - 2WD,silver,2016,15,1200,Petrol,81000,No,
Daihatsu terios 2014 model for sale (Daihatsu),"‡§∞‡•Ç. 43,00,000",,Manual4WD,White,2014,,1500,Petrol,59000,,
Santro For Sale (Hyundai),"‡§∞‡•Ç. 11,50,000",Home,Manual - 2WD,Black,2007,13,1096,Petrol,57000,,
2007 model maruti sujuki 800 car (Maruti Suzuki),"‡§∞‡•Ç. 5,15,000",,Auto - 2WD,white,2007,19,796,Petrol,,,
2002 model maruti 800 car (Maruti Suzuki),"‡§∞‡•Ç. 3,65,000",,Auto - 2WD,white,2002,18,796,Petrol,56000,,
Cargo Van (Maruti Suzuki),"‡§∞‡•Ç. 3,50,000",1 year,Auto - 2WD,Whitr,2010,10,800,Petrol,80000,No,
Crane (Other Brands),"‡§∞‡•Ç. 25,00,000",,Manual2WD,,2010,,,Petrol,,,
Swift Vxi 2009 (Maruti Suzuki),"‡§∞‡•Ç. 13,85,000",,Manual - 2WD,asure blue,2009,14,1300,Petrol,76500,,
Tata Ace xL (Tata),"‡§∞‡•Ç. 9,50,000",2 years,Manual - 2WD,Cream,2020,,700,Diesel,28250,,
MG ZS EV 2021 model (Other Brands),"‡§∞‡•Ç. 51,00,000",,Auto - 2WD,White,2021,,,Electric,,,
Jimny Suv (Maruti Suzuki),"‡§∞‡•Ç. 17,00,000",Personal,Manual - 4WD,Army green,1998,18,1200,Petrol,98000,No,
Santro (Hyundai),"‡§∞‡•Ç. 22,25,000",,Manual2WD,Grey,2021,,1086,Petrol,15000,,
Hyundai i20 Asta 1.4 Automatic for Sale!!! (Hyundai),"‡§∞‡•Ç. 18,00,000",,Auto2WD,Marron,2010,,1400,Petrol,76342,,
Hyundai Santro Era 2021(9851008482) (Hyundai),"‡§∞‡•Ç. 22,25,000",,Manual - 2WD,Grey,2021,,1100,Petrol,15000,,
Hyundai Santro 2014 Silver (Hyundai),"‡§∞‡•Ç. 16,00,000",sometimes,Manual2WD,Silver,2014,14,1186,Petrol,35000,,
For Sale (Eicher),"‡§∞‡•Ç. 6,50,000",,Auto - 4WD,,2015,,,Diesel,,,
nissan supersaloon sedan car (Nissan),"‡§∞‡•Ç. 12,50,000",personel use,Manual2WD,metalic very light gold,2006,13,1596,Petrol,69000,no,
Swift Zxi 2016 (Maruti Suzuki),"‡§∞‡•Ç. 22,60,000",,Manual - 2WD,,2016,,1200,Petrol,42000,,
2011 BOLERO DOUBLE CAB 4WD (Mahindra),"‡§∞‡•Ç. 9,50,000",,Manual4WD,WHITE,2011,12,2523,Diesel,77000,,
Single Hand 2015 Swift dzire zxi (Maruti Suzuki),"‡§∞‡•Ç. 21,00,000",,Manual2WD,grey,2015,14,1197,Petrol,47000,,
Single hand 2010 i20 asta (Hyundai),"‡§∞‡•Ç. 15,75,000",,Manual2WD,grey,2010,13,1197,Petrol,58000,,
Modified Small Hatchback Daihatshu cuore! (Daihatsu),"‡§∞‡•Ç. 5,75,000",1 year,Manual - 2WD,Blue,1997,12,850,Petrol,98521,,
14 model Bolero is in sale (Mahindra),"‡§∞‡•Ç. 10,50,000",Chicken suppliers,Manual2WD,White,2014,10,2900,Diesel,790000,No,
Ecosport Signature 2018(9851008482) (Ford),"‡§∞‡•Ç. 35,50,000",,Manual - 2WD,Blue,2018,,1500,Petrol,,,
Tata Zest 2017 (Tata),"‡§∞‡•Ç. 24,00,000",2 years,Manual - 2WD,Silver,2017,15,1200,Petrol,29000,3 years,
Hyundai eon era+ (Hyundai),"‡§∞‡•Ç. 10,75,000",,Manual - 2WD,blue,2013,22,814,Petrol,45000,,
Scorpio S4 Urgently Sell Ma (Mahindra),"‡§∞‡•Ç. 26,50,000",7 Years,Auto - 2WD,White,2015,15,2179,Diesel,155000,No,
Ford Figo Titanium 2013 (Ford),"‡§∞‡•Ç. 12,00,000",Office and home,Manual - 2WD,White,2013,15,1200,Petrol,56000,N/A,
Automatic Suzuki celerio on sale (Maruti Suzuki),"‡§∞‡•Ç. 18,00,000",,Auto - 2WD,metallic green,2014,,1000,Petrol,,,
Santro 2010 Fresh (Hyundai),"‡§∞‡•Ç. 13,00,000",13 years,Manual - 2WD,White,2010,12,1100,Petrol,75000,Buy Back,
Toyota Pickup (Toyota),"‡§∞‡•Ç. 8,75,000",,Auto - 4WD,red,1997,,2800,Diesel,,,
santro bikrima (Hyundai),"‡§∞‡•Ç. 10,25,000",10,Manual - 2WD,grey,2006,18,1100,Petrol,100000,,
Suzuki Swift 2007 (Maruti Suzuki),"‡§∞‡•Ç. 11,00,000",,Manual - 2WD,,2017,,1300,Petrol,72256,,
scorpio2015 (Mahindra),"‡§∞‡•Ç. 17,00,000",,Auto - 4WD,white,2015,,,Diesel,,,
2014 modal ko mahendra sell (Mahindra),"‡§∞‡•Ç. 8,95,000",,Auto - 2WD,silbar,2014,12,5223,Diesel,9800,,
Hyundai i10 magna 1200 cc on sell (Hyundai),"‡§∞‡•Ç. 12,75,000",family,Manual - 2WD,blue,2008,14,1200,Petrol,62000,no,
Nexon ev xz+ (Tata),"‡§∞‡•Ç. 36,00,000",13 months,Auto2WD,Blue and white,2021,270+ in one full charge,100kw,Electric,25000,8 years,
Alto taxi (Maruti Suzuki),"‡§∞‡•Ç. 25,50,000",-,Auto - 2WD,,2018,15,800,Petrol,,No,
Santro full option (Hyundai),"‡§∞‡•Ç. 10,35,000",personal,Manual2WD,silver,2006 november,15,1086,Petrol,68500,,
Ford freestyle titanium 2018 (Ford),"‡§∞‡•Ç. 23,00,000",Personal,Auto2WD,Cream,2018,16-17,1200,Petrol,47000,,
"Fresh, single handed, driven by doctor i10 sportz (Hyundai)","‡§∞‡•Ç. 14,85,000",hospital to home,Manual - 2WD,silver,2010,14,1200,Petrol,46374,,
KIA SPORTAG on sale (Kia),"‡§∞‡•Ç. 20,00,000",,Auto4WD,Coffee,2006,12 to 14,2000,Diesel,54000,No,
Hyundai tucson 1991 CC Fully loaded Four wheel 4√ó4 (Hyundai),"‡§∞‡•Ç. 20,50,000",13 year,Auto - 4WD,maroon,2009,16,1991,Diesel,85000,No,
Sonata (Hyundai),"‡§∞‡•Ç. 27,00,000",11,Manual2WD,Silver,2010,10,2000,Petrol,50000,,
Kia Niro Ev (Kia),"‡§∞‡•Ç. 55,00,000",,Auto - 2WD,Silver,2019,,,Electric,46000,,
Scorpio Pick Up 2016 4wd,"‡§∞‡•Ç. 23,00,000",Valley,Manual - 4WD,Silver,2016,18,2500,Diesel,60965,No,
isuzu v-cross (Other Brands),"‡§∞‡•Ç. 44,99,999",,Manual4WD,sliver,2017,,2499,Diesel,56000,,
Ford Ecosport (Ford),"‡§∞‡•Ç. 17,70,000",,Manual - 2WD,Black,2015,,1500,Petrol,75000,,
Land cruiser Prado vx 2017 model (Toyota),"‡§∞‡•Ç. 2,40,00,000",,Auto4WD,Silver,2017,,3000,Diesel,78564,,
2003 model ko Omni seater van on sale (Maruti Suzuki),"‡§∞‡•Ç. 4,00,000",20 years,Auto - 2WD,white,2003,14,796,Petrol,70000,,
Toyota Corolla LX exceptional condition for sale (Toyota),"‡§∞‡•Ç. 20,50,000",,Manual2WD,Red,2009,18,,Petrol,77000,,
Excellent 2012 ford Figo with 50 percent finance (Ford),"‡§∞‡•Ç. 9,85,000",9 years,Manual2WD,Red,2012,12,1200,Petrol,52000,,
Ford EcoSport wanted (Ford),"‡§∞‡•Ç. 18,00,000",,Manual2WD,White,2016,,,Petrol,50000,,
Excellent Singlehand 2016 breeza (Maruti Suzuki),"‡§∞‡•Ç. 24,90,000",5 years,Manual2WD,Black and white,2016,18,1300,Petrol,47000,,
Taxi 2004 For Sale (Maruti Suzuki),"‡§∞‡•Ç. 6,99,000",,Manual - 2WD,white,2004,69000,800,Petrol,69000,,
Excellent Condition Suzuki Swift Vxi 2009 on sale (Maruti Suzuki),"‡§∞‡•Ç. 13,75,000",,Manual2WD,Silver,2009,13-Dec,1298,Petrol,,,
Santro 2003 Model (Hyundai),"‡§∞‡•Ç. 7,75,000",,Manual - 2WD,Blue,2003,,1100,Petrol,80000,,
Ford Eco Sport on sale (Ford),"‡§∞‡•Ç. 21,50,000",,Auto2WD,White,2015,14,1500,Petrol,42000,,
Need Hyundai i10 (Hyundai),"‡§∞‡•Ç. 14,00,000",,Auto2WD,,2012,,,Petrol,,,
i20 2016 urgent sale (Hyundai),"‡§∞‡•Ç. 24,00,000",,Manual - 2WD,navy blue,2016,,1200,Petrol,30000,,
"urgent sell,9844502651.9813628286 (Mahindra)","‡§∞‡•Ç. 15,00,000",8,Auto - 4WD,white,2020,50,1200,Diesel,,1 year,
urjent (Tata),"‡§∞‡•Ç. 10,50,000",,Auto - 2WD,blue,2021,18,800,Diesel,30000,,
Hyundai I10 magna 2014 (Hyundai),"‡§∞‡•Ç. 17,50,000",,Manual - 2WD,Grey,2014,,,Petrol,,,
I20 Magna (Hyundai),"‡§∞‡•Ç. 14,50,000",,Manual2WD,Silver,2010,12,1200,Petrol,53000,,
Isuzu higher lander truck (Other Brands),"‡§∞‡•Ç. 45,00,000",any where,Manual - 4WD,white,2020,11,2500,Diesel,55000,company warranty,
car (Chevrolet),"‡§∞‡•Ç. 5,75,000",,Manual - 2WD,,2012,,1000,Petrol,25000,,
yodha ba 18 cha 2125 (Tata),"‡§∞‡•Ç. 9,00,000",6 years,Manual - 2WD,white,2017,10,2900,Diesel,1700000,,
6 lakh good condition all tyre new (Kia),"‡§∞‡•Ç. 6,00,000",3year,Auto2WD,Gray,2004,Good,1300,Petrol,45000,Two months,
Ssangyong Rexton Automatic 4WD (Ssangyong),"‡§∞‡•Ç. 1,10,00,000",,Auto4WD,Black,2017,,2157,Diesel,35000,,
Nissan micra 2017 is on sale (Nissan),"‡§∞‡•Ç. 14,50,000",,Manual - 2WD,silver,2017,12,1200,Petrol,40000,,
Ecosport Titanium Full Option 2021 Ford (Ford),"‡§∞‡•Ç. 34,50,000",Self,Manual2WD,Silver,2021,16-18,1497,Petrol,30000,Company Warrenty,
Ford Figo (Ford),"‡§∞‡•Ç. 16,00,000",5,Manual4WD,red,2017,,1656,Diesel,70000,,
Celerio X ZXI 2018 Maruti Suzuki (Maruti Suzuki),"‡§∞‡•Ç. 21,50,000",,Auto4WD,White,2018,20,998,Petrol,38000,,
2008 MODEL TOYOTA PRADO JEEP ON SALE (Toyota),"‡§∞‡•Ç. 70,00,000",PRIVATE,Manual4WD,SILVER,2008,"6, 7",3000,Diesel,110000,NO,
Kia Sportage 2010 AWD for sell (Kia),"‡§∞‡•Ç. 24,50,000",,Auto4WD,Grey,2010,10,1998,Petrol,56000,,
Bolero (Tata),"‡§∞‡•Ç. 16,00,000",,Manual4WD,White,2016,,2523,Diesel,,,
Honda Amaze 1.2 SMT 2014 (Honda),"‡§∞‡•Ç. 17,75,000",,Manual2WD,Light Brown,2014,,1200,Petrol,57000,,
Nissan Sunny FE 1998 (Diesel) (Nissan),"‡§∞‡•Ç. 4,25,000",,Manual2WD,Metallic Silver,1998,,2000,Diesel,,,
2014 model single hand alto car (Maruti Suzuki),"‡§∞‡•Ç. 12,50,000",,Manual - 2WD,silver,2014,17,800,Petrol,23000,no,
Swift VXI 2016 (Maruti Suzuki),"‡§∞‡•Ç. 20,00,000",,Manual2WD,silver,2016,,1200,Petrol,49000,,
Land Cruiser Prado 1998 On Sale (Toyota),"‡§∞‡•Ç. 34,00,000",24 years,Manual - 4WD,Blue,1998,10,2800,Diesel,146000,No warranty,
Hyundai Creta S 2015 (Hyundai),"‡§∞‡•Ç. 29,50,000",,Manual2WD,Silver,2015,,1600,Petrol,,,
Urgent Sale (Safari) (Tata),"‡§∞‡•Ç. 8,50,000",15 Years,Auto2WD,Sllver&Gray,2006,12,2950,Diesel,1500,,
Second hand isuzu Dmax (Other Brands),"‡§∞‡•Ç. 15,00,000",,Manual2WD,White,2018,,2999,Diesel,35000,,
Second hand car (Tata),"‡§∞‡•Ç. 13,00,000",,Manual2WD,Dew white,2014,,1248,Diesel,50000,,
brand new suzuki ignis 2022 (Maruti Suzuki),"‡§∞‡•Ç. 34,74,000",New,Manual2WD,Nexa blue,2022,17,1197,Petrol,315,As per company rules,
urjent sale (Hyundai),"‡§∞‡•Ç. 11,25,000",5 years,Auto2WD,gray,2008,14/15,1086,Petrol,76009,,
Sale of Car (Datsun),"‡§∞‡•Ç. 15,00,000",,PowerSteering,Cream,2017,,1200,Petrol,14000,,
BMW 318i 2003 Model with Automatic Gear (Other Brands),"‡§∞‡•Ç. 45,00,000",,Auto2WD,Blue,2003,,2000,Petrol,62000,,
Nissan Super Saloon 2007 Model (Nissan),"‡§∞‡•Ç. 12,50,000",,Manual2WD,Golden,2007,,1500,Petrol,90000,,
Ford Endeavour 2016 Model with Automatic Gear (Ford),"‡§∞‡•Ç. 83,00,000",,Auto4WD,White,2016,,3200,Diesel,73000,,
Tata ALTROZ top verient (Tata),"‡§∞‡•Ç. 29,00,000",1 and half year,Manual2WD,Silver,2021,16,1200,Petrol,13000,,
venue (Hyundai),"‡§∞‡•Ç. 31,00,000",1.5,Manual2WD,Silver,2020,20,1200,Petrol,6700,,
toyota lx 2008 (Toyota),"‡§∞‡•Ç. 19,50,000",14 years,Manual - 2WD,gray,2008,11,1600,Petrol,71000,no,
Hundai tucson 2009 on sell (Hyundai),"‡§∞‡•Ç. 21,00,000",2 years,Manual4WD,silver,2009,12,2000,Diesel,90000,,
Kia Hiace for sale. (Kia),"‡§∞‡•Ç. 14,00,000",,Manual2WD,Silver,2011,,2600,Diesel,114000,,
suzuki (Maruti Suzuki),"‡§∞‡•Ç. 8,60,000",,Manual - 2WD,red,2009,17,800,Petrol,67,,
Hyundai I10 for sale (Hyundai),"‡§∞‡•Ç. 18,50,000",Personal,PowerSteering,Grey,2015,,1100,Petrol,19800,,
Santro Xing 10 model Gandaki Zone (Hyundai),"‡§∞‡•Ç. 11,65,000",12 Years,Manual2WD,Red berry,2010,50000,1075,Petrol,50000,,
Santro Xing 2007 full option (Hyundai),"‡§∞‡•Ç. 9,50,000",16 Years,Manual2WD,White,2007,18,1047,Petrol,67000,,
VW POLO 1.6 (Volkswagen),"‡§∞‡•Ç. 22,00,000",9 yrs,Manual2WD,silver,2014,15-Dec,1600,Petrol,47000,,
Maruti 2019cargo van (Maruti Suzuki),"‡§∞‡•Ç. 6,85,000",2,Auto2WD,white,2019,12,800,Petrol,,,
Cheverolet spark (american brand) (Chevrolet),"‡§∞‡•Ç. 7,25,000",,Manual2WD,Red,2009,,995,Petrol,63000,,
Creta XsO CVT auto top 2021 (Hyundai),"‡§∞‡•Ç. 66,50,000",1year,Auto2WD,White,2021,13-18,1499,Petrol,17000,4years,
"VOLKSWAGEN POLO 1.6 , 2014 model, Hatchback (Volkswagen)","‡§∞‡•Ç. 20,00,000",Personal single handed,Power Steering,silver,2014,,1600,Petrol,21000,,
Baleno Zeta 2016 Bagmati (Maruti Suzuki),"‡§∞‡•Ç. 22,50,000",,Manual - 2WD,Polar white,2016,,1200,Petrol,59000,,
Excellent Condition Alto 800 Lxi 2015 For Sell (Maruti Suzuki),"‡§∞‡•Ç. 12,50,000",,Manual - 2WD,Grey,2015,18,800,Petrol,40000,,
omni cargo (Maruti Suzuki),"‡§∞‡•Ç. 6,35,000",,Manual - 2WD,,2018,,,Petrol,,,
Car (Other Chinese Brands),"‡§∞‡•Ç. 10,00,000",,Manual - 2WD,Red,2008,,1300,Petrol,20000,,
chevrolet aveo luxurious car for sale (Chevrolet),"‡§∞‡•Ç. 10,50,000",,Manual - 4WD,BALCK,2008,11,1600,Petrol,68000,no warenty,
volkswagen polo highline 1.6 2013 (Volkswagen),"‡§∞‡•Ç. 16,75,000",,Manual - 2WD,silver,2013,,1600,Petrol,,,
Like a new MG zs (EV) 110 kw (Other Brands),"‡§∞‡•Ç. 55,00,000",Pravite,Auto2WD,White,2021,Per full charge 400 km,110 kw,Electric,20000,Due,
Sell or exchange (Ford),"‡§∞‡•Ç. 19,75,000",Personal,Manual2WD,Sea grey,2013,15,1500,Petrol,31000,,
car on sale (Mitsubishi),"‡§∞‡•Ç. 22,50,000",company,Manual - 4WD,white,2007,,2495,Diesel,,no,
Tucson 2009 model URGENT sale (Hyundai),"‡§∞‡•Ç. 23,00,000",,Manual4WD,Blue,2009,,1997,Diesel,67000,,
Mahindra Scorpio S5 4WD (Mahindra),"‡§∞‡•Ç. 39,00,000",,Manual - 4WD,White,2017,14,2179,Diesel,70,No,
Hyundai Elantra 2011 Model (Hyundai),"‡§∞‡•Ç. 30,00,000",,Manual - 2WD,Blue Sky Metallic,2011,,1600,Petrol,65000,,
kia rio fully fresh (Kia),"‡§∞‡•Ç. 8,75,000",few years,Manual - 2WD,silver sky,2007,11,1400,Petrol,68000,no,
car (Maruti Suzuki),"‡§∞‡•Ç. 13,00,000",personal,Manual - 2WD,silver,2010,13,1200,Petrol,68000,no,
Suzuki WagonR 2016 vxi single hand excellent condi (Maruti Suzuki),"‡§∞‡•Ç. 16,50,000",6 year,Manual2WD,Grey,2016,14,1000,Petrol,37000,1 year,
Suzuki swift 2021 Zxi+ top option single hand (Maruti Suzuki),"‡§∞‡•Ç. 28,50,000",1 year,Manual2WD,Metallic white,2021,14,1200,Petrol,22000,In company warranty,
Brand New Brezza 2023 Model (Maruti Suzuki),"‡§∞‡•Ç. 52,99,000",,Manual - 2WD,,2023,19,1462,Hybrid,,As per company rules,
ford ecosport 2014 automatic (Ford),"‡§∞‡•Ç. 24,50,000",,Auto - 2WD,silver,2014,14,,Petrol,44000,,
Hyundai Tucson On Sale (Hyundai),"‡§∞‡•Ç. 21,50,000",Short time,Auto4WD,marron,2008,12-Oct,2000,Diesel,65000,No,
Maruti Suzuki Swift ZXI (Maruti Suzuki),"‡§∞‡•Ç. 26,25,000",,Manual2WD,Silky Silver,2018,,1200,Petrol,33598,,
Polo on sale (Volkswagen),"‡§∞‡•Ç. 23,50,000",,Manual2WD,Chocolate,2016,10,1699,Petrol,47000,,
Volkswagen Polo 1.2 Trendline 2012 Model (Volkswagen),"‡§∞‡•Ç. 14,00,000",,Manual - 2WD,Red,2012,,,Petrol,,,
Suzuki Wagon R on sales (Maruti Suzuki),"‡§∞‡•Ç. 11,00,000",,Manual - 2WD,Red,2010,15,1061,Petrol,49565,,
Eco cargo van: model 2019 (Maruti Suzuki),"‡§∞‡•Ç. 12,50,000",,Manual - 2WD,,2019,,1196,Petrol,,,
Hyundai Creta 2016 (Hyundai),"‡§∞‡•Ç. 32,00,000",,Power Steering,,2016,,1499,Petrol,21500,,
Scorpio s4 2016 model (Mahindra),"‡§∞‡•Ç. 31,00,000",,Manual - 2WD,sky blue üîµ,2016,,2200,Diesel,,,
Grand i10 Asta 2014 (Hyundai),"‡§∞‡•Ç. 20,90,000",,Manual - 2WD,Grey,2014,,1197,Petrol,42000,,
I10 Megna 2013 red color (Hyundai),"‡§∞‡•Ç. 16,00,000",3 years,Manual2WD,Red,2013,13,1200,Petrol,62000,,
hyundai i 20active s 2016 on cell. (Hyundai),"‡§∞‡•Ç. 24,99,000",,Manual2WD,White,2016,,1200,Petrol,,,
Kia sonet (Kia),"‡§∞‡•Ç. 32,30,000",,Manual2WD,,2021,,,Petrol,8500,,
kia Picanto Ex 2010 (Kia),"‡§∞‡•Ç. 11,75,000",,Manual - 2WD,Skey Blue,2010,,1086,Petrol,50000,,
Grand i10 Magna 2015 (Hyundai),"‡§∞‡•Ç. 20,50,000",,Manual - 2WD,Sleek Silver,2015,,1197,Petrol,39000,,
Nissan kicks 2021 model (Nissan),"‡§∞‡•Ç. 41,00,000",,Manual - 2WD,grey,2021,,1600,Petrol,32000,,
"2005 model kia picanto fulloption sale,exng bikes (Kia)","‡§∞‡•Ç. 7,95,000",,Manual2WD,Black,2005,,1000,Petrol,65000,,
Brezza ZXI 2019 (Maruti Suzuki),"‡§∞‡•Ç. 35,00,000",,Manual2WD,,2019,,,Petrol,17000,,
Hyundai grand i10 nios 2021 (Hyundai),"‡§∞‡•Ç. 29,50,000",Privaye,Manual2WD,,2021,13,1200,Petrol,6000,,
2008 model kia sorento fully loaded sale ot exng (Kia),"‡§∞‡•Ç. 20,50,000",,Manual4WD,Silver,2008,,2500,Diesel,65000,,
maruti van (Maruti Suzuki),"‡§∞‡•Ç. 6,90,000",,Auto - 2WD,silver,2012,,800,Petrol,65000,,
sell for mahindra pick-up bullero 1300000 (Mahindra),"‡§∞‡•Ç. 13,00,000",yes,Manual - 2WD,white,2013,18,1600,Diesel,81000,No,
"Datsun Redi Go, 2016 (Datsun)","‡§∞‡•Ç. 11,50,000",,Manual2WD,Grey,2016,22 km/l,800,Petrol,17000,,
Vitara brezza 2023 booking openüòç (Maruti Suzuki),"‡§∞‡•Ç. 52,99,000",New,Manual2WD,Red and black silver,2023,19,1462,Hybrid,314,As per company rules,
Nissan Magnite 2021 Urgent sale (Nissan),"‡§∞‡•Ç. 27,00,000",Personal,Auto2WD,White,2021,17.5,1000,Petrol,16000,,
Sale or Exchange: Volkswagen Cross Polo 1.6 (Volkswagen),"‡§∞‡•Ç. 26,00,000",,Manual2WD,Silver,2016,,1600,Petrol,23000,,
Ford Ranger XL 3.2c 2017 Model Single Hand On Sale (Ford),"‡§∞‡•Ç. 55,00,000",Home,Manual - 4WD,Silver,2017,11,3200,Diesel,61000,,
hyundai creta 2018 on sale (Hyundai),"‡§∞‡•Ç. 37,75,000",,Manual2WD,POLAR WHITE,2018,14-Dec,1500,Petrol,35000,,
Maruti Suzuki alto k10 vxi. (Maruti Suzuki),"‡§∞‡•Ç. 14,50,000",Hospital,Auto - 2WD,Red,2016,19,998,Petrol,45000,no,
Tata zest XT 2015 model 1200 cc (Tata),"‡§∞‡•Ç. 25,00,000",,Manual2WD,,Tata zest XT 2015 model,,1200,Petrol,,,
Fiat Punto Dynamic 2013 for Sale (Fiat),"‡§∞‡•Ç. 11,00,000",9,Manual - 2WD,Silver,2013,18,1248,Diesel,69500,,
"I10 Sportz Grey ,2011 Model 2 Hand , 52000 Km Run (Hyundai)","‡§∞‡•Ç. 15,80,000",Few,Manual - 2WD,Grey,2011,16,1197,Petrol,52000,No warranty,
omni van 8 seater 2016 single hand (Maruti Suzuki),"‡§∞‡•Ç. 8,50,000",personal,Auto - 2WD,silver,2016,16,800,Petrol,34000,no,
mahindra supro t4 (Mahindra),"‡§∞‡•Ç. 7,50,000",3 years,Auto - 2WD,red,2018,13,1000,Diesel,75000,,
i 10 sale 9813637744 fullopson grey ktm rs 1445/- (Hyundai),"‡§∞‡•Ç. 14,45,000",all is ok,Manual - 2WD,grey light,2011,18,1200,Petrol,51700,yes,
Car (Toyota),"‡§∞‡•Ç. 25,00,000",12yrs,PowerSteering,Ash,2011,70k,,Petrol,70000,No,
SWIFT ZXI 2014 On Urgent Sale (Maruti Suzuki),"‡§∞‡•Ç. 18,50,000",8 Years,Manual2WD,White,2014,15 KMPL,1197,Petrol,,,
Hyundai Creta 2021 sx ivt top model (Hyundai),"‡§∞‡•Ç. 65,00,000",,Auto2WD,Typoon silver,2021,15,1500,Petrol,6000,,
skoda laura 2011 (Skoda),"‡§∞‡•Ç. 15,25,000",,Manual - 2WD,black,2011,10,1896,Diesel,70000,,
Hyundai i10 magna (Hyundai),"‡§∞‡•Ç. 15,00,000",N/a,Auto2WD,Carbon grey,2011,N/a,1086,Petrol,,No,
MG ZS EV 2021 model (Other Brands),"‡§∞‡•Ç. 54,00,000",,Auto - 2WD,White,2021,,,Electric,,,
Hyundia I 10 magna (Hyundai),"‡§∞‡•Ç. 17,00,000",,Auto2WD,,2012,,1197,Petrol,48000,No,
Grand i10 Sportz on Sale (Hyundai),"‡§∞‡•Ç. 24,75,000",personal,Manual - 2WD,Gray,2018,16,1200,Petrol,36500,,
Ford EcoSport Titanium 2015 Model (Ford),"‡§∞‡•Ç. 22,00,000",,Manual - 2WD,silver,2015,,,Petrol,,,
Hyundai Tucson 2009 model (Hyundai),"‡§∞‡•Ç. 20,00,000",,Manual - 4WD,Green,2009,,,Diesel,,,
Maruti Omni Van 2018 (Maruti Suzuki),"‡§∞‡•Ç. 9,20,000",4 years,Auto - 2WD,silver,2018,13,796,Petrol,35000,No,
Toyota Etios V (Toyota),"‡§∞‡•Ç. 17,00,000",,Power Steering,Grey,2014,,1500,Petrol,52000,,
Zen Stailo Vxi 2010 (Maruti Suzuki),"‡§∞‡•Ç. 10,25,000",,Manual - 2WD,golden√≥,2010,,996,Petrol,51000,,
Brezza on sale (Maruti Suzuki),"‡§∞‡•Ç. 42,00,000",,Power Steering,silver,2021,,1500,Petrol,16000,,
TOYOTA YARIS MADE IN JAPAN (Toyota),"‡§∞‡•Ç. 15,99,000",,Manual - 2WD,Red,2007,15,1496,Petrol,,,
Suzuki Swift VXI 2013 (Maruti Suzuki),"‡§∞‡•Ç. 17,00,000",,Manual - 2WD,Pearl White,2013,,1200,Petrol,,,
Mahindra kuv100 k6 (Mahindra),"‡§∞‡•Ç. 17,50,000",,Manual2WD,Red,2016,16,1000,Petrol,44532,,
Datsun Go (Datsun),"‡§∞‡•Ç. 11,00,000",7,Auto2WD,grey,2014,16,,Petrol,65000,no,
Suzuki baleno 2017 (Maruti Suzuki),"‡§∞‡•Ç. 20,50,000",,Manual2WD,White,2017,,,Petrol,45000,,
Kia Picanto 2006 (Kia),"‡§∞‡•Ç. 9,50,000",,Power Steering,Blue,2006,12,1086,Diesel,72000,,
Suzuki (Maruti Suzuki),"‡§∞‡•Ç. 5,20,000",,Manual - 2WD,‡§ó‡•á‡§∏ ‡§µ‡§ø‡§ú,2001,16,1061,Petrol,75,,
Vw Vento 1.6L Highline Plus 2013 Exchange Also (Volkswagen),"‡§∞‡•Ç. 17,75,000",9 years,Manual - 2WD,Sliver,2013,14,1600,Petrol,53500,5 years,
Mahindra Scorpio S6 plus 2017 (Mahindra),"‡§∞‡•Ç. 34,00,000",,Manual - 2WD,Silver,2017,,2200,Diesel,,,
"Kia Sonet , Kiasonet Car SUV (Kia)","‡§∞‡•Ç. 31,25,000",,Manual - 2WD,,2021,,1200,Petrol,42000,,
Bolero single cab mahindra sell (Mahindra),"‡§∞‡•Ç. 12,00,000",,Auto2WD,White,2016,,,Diesel,100000,,
Ford Aspire 2015 (Ford),"‡§∞‡•Ç. 15,75,000",Personal use,Manual2WD,Smoke Grey,2015,13,1196,Petrol,485780,NO,
Hyundai Creta SXO 2019 model (Hyundai),"‡§∞‡•Ç. 51,50,000",,Manual - 2WD,silver,2019,,,Petrol,,,
Ford Freestyle 2020 model (Ford),"‡§∞‡•Ç. 24,50,000",,Manual - 2WD,Silver,2020,,,Petrol,,,
Hyundai Santro Xing 2010 model (Hyundai),"‡§∞‡•Ç. 11,50,000",,Manual - 2WD,black,2010,,,Petrol,,,
Maruti zen (Maruti Suzuki),"‡§∞‡•Ç. 3,35,000",,Manual2WD,,2000,,,Petrol,,,
Volkswagen Vento TSl AT Sales & exchange offer (Volkswagen),"‡§∞‡•Ç. 52,40,000",,Auto - 2WD,,2021,,,Petrol,,,
TATA TIGOR XZ+ (Tata),"‡§∞‡•Ç. 19,99,000",,Manual - 2WD,Silver,2017,20,1199,Petrol,,,
Isuzu Dmax Vcross (Other Brands),"‡§∞‡•Ç. 52,00,000",,Manual - 4WD,Obsidian grey,2017,,2499,Diesel,60000,,
Hyundai i20 Active S|2017| Urgent sale| Full fresh (Hyundai),"‡§∞‡•Ç. 27,25,000",Official works only,Manual2WD,white,2017,14,1200,Petrol,30000,,
Hyundai Xcent Sx O 2014 (Hyundai),"‡§∞‡•Ç. 20,50,000",,Manual2WD,Silky Silver,2014,,1196,Petrol,54383,,
Maruti suzuki wagoner 2015 (Maruti Suzuki),"‡§∞‡•Ç. 14,55,000",,Manual2WD,Marun,2015,,1000,Petrol,52000,,
Maruti Suzuki swift dzire 2009 ON SALE (Maruti Suzuki),"‡§∞‡•Ç. 11,70,000",personal used,Auto - 2WD,blue,2009,15,1200,Petrol,85000,,
TATA 1109 (Tata),"‡§∞‡•Ç. 27,99,000",,Manual - 2WD,white,2018,,3700,Diesel,90000,,
Bolero pick up (Mahindra),"‡§∞‡•Ç. 18,00,000",Personal,Auto4WD,White,2018,,,Diesel,90000,,
Kia on sales (Kia),"‡§∞‡•Ç. 5,50,000",Personal,Auto2WD,White,2004,10 to 12,1200,Petrol,320000,No,
‡§ó‡§æ‡§°‡•Ä ‡§¨‡§ø‡§ï‡•ç‡§∞‡•Ä‡§Æ‡§æ (Mahindra),"‡§∞‡•Ç. 21,00,000",,Manual - 4WD,white,2015,15,2200,Diesel,64000,,
Scorpio S4+ (Mahindra),"‡§∞‡•Ç. 38,50,000",5,Manual4WD,Blue,2017,15,2200,Diesel,5600,,
Hyundai Creta 2017 base model SingleHand For Sale (Hyundai),"‡§∞‡•Ç. 32,85,000",,Manual2WD,Silver,2017,10,1600,Petrol,49000,,
Single Hand Used Fully Loaded Family Car Swift VXI (Maruti Suzuki),"‡§∞‡•Ç. 16,75,900",Few Years,Manual2WD,Grey,2012,18,1197,Petrol,55000,,
"Volkswagen polo 1.6 2011 silver, fresh condition, (Volkswagen)","‡§∞‡•Ç. 15,00,000",,Manual2WD,Silver,2011,12-Oct,1600,Petrol,55000,,
Car sell on urgent (Honda),"‡§∞‡•Ç. 12,90,000",Office to home,Manual4WD,Maroon,2007,13,1350,Petrol,75000,No,
PROTON WIRA (2003) (Other Brands),"‡§∞‡•Ç. 5,75,000",,Manual - 2WD,,2003,,1498,Petrol,19000,,
picanto silver (Kia),"‡§∞‡•Ç. 10,50,000",,Manual - 2WD,silver,2009,,1100,Petrol,83000,,
Hyundai Creta SX+ 2017 Model Fulloptions On Sale (Hyundai),"‡§∞‡•Ç. 41,00,000",,Manual - 2WD,White,2017,12,1500,Petrol,41000,,
Ford figo titanium 2015 (Ford),"‡§∞‡•Ç. 12,50,000",,Auto2WD,Grey,2015,15,1200,Petrol,50000,,
Renault duster RXS 2018 (Renault),"‡§∞‡•Ç. 25,00,000",,Manual - 2WD,,2018,,1500,Petrol,50000,,
Urgent sell (Tata),"‡§∞‡•Ç. 9,50,000",2 years,Auto2WD,Blue,2021,20,600,Diesel,123,0,
Picanto 2008 Silver full option (Kia),"‡§∞‡•Ç. 9,00,000",,Manual2WD,silver,2008,14,1100,Petrol,53000,,
2013 model ford figo singlehand sale or exng bikes (Ford),"‡§∞‡•Ç. 12,50,000",,Manual2WD,Silver,2013,,1200,Petrol,43000,,
2019 Hyundai Grand i10 Sportz (Hyundai),"‡§∞‡•Ç. 25,75,000",,Manual2WD,Titan Gray Metallic,2019,,1197,Petrol,20000,,
Mahindra xuv 500 w10 2016 model for sale (Mahindra),"‡§∞‡•Ç. 38,50,000",,Manual4WD,Orange,2016,,2200,Diesel,53000,,
Maruti Suzuki Alto 800 for sale (Maruti Suzuki),"‡§∞‡•Ç. 15,00,000",,Auto - 2WD,,2020,,,Petrol,,,
Grand I 10 Magna 1.2 (2019 Model) (Hyundai),"‡§∞‡•Ç. 25,50,000",,Manual - 2WD,Silver,2019,16,1196,Petrol,17000,,
sky vetor dozer on sale (Other Brands),"‡§∞‡•Ç. 45,00,000",,Manual - 4WD,,2017,,,Diesel,,,
TATA VISTA 2010 FOR SALE (Tata),"‡§∞‡•Ç. 7,00,000",4 YEARS,Manual2WD,INFINITE BLACK,2010,15-Dec,1300,Petrol,84000,N/A,
School bus sale (Other Brands),"‡§∞‡•Ç. 10,50,000",School,Auto2WD,Yellow,2013,10,3200,Diesel,60000,No,
tata motors super ace (Tata),"‡§∞‡•Ç. 6,50,000",‡§∏‡§æ‡§Æ‡§æ‡§® ‡§µ‡§∏‡§æ‡§∞ ‡§™‡§∏‡§æ‡§∞ ‡§ó‡§∞‡•ç‡§®‡•á ‡•§,Power Steering,‡§∏‡•á‡§§‡•ã,2015,12,1400,Diesel,150,‡§á‡§®‡•ç‡§ú‡§ø‡§® 1 ‡§¨‡§∞‡•ç‡§∑ ‡§¨‡•á‡§ü‡§∞‡§ø 6 ‡§Æ‡§π‡§ø‡§®‡§æ‡•§,
Mazda 3 (Mazda),"‡§∞‡•Ç. 12,75,000",17 years,Manual - 2WD,grey,2005,14,1600,Petrol,36000,none,
toyota corolla old vintage 1975 car (Toyota),"‡§∞‡•Ç. 5,00,000",,Manual - 4WD,,1975,,1200,Petrol,50000,,
"2006 model suzuki japanese vitara 4wd,fully loaded (Maruti Suzuki)","‡§∞‡•Ç. 19,50,000",,Manual4WD,Silver,2006,,2000,Petrol,75000,,
Urgent sale Maruti van 2018 Model good condition (Maruti Suzuki),"‡§∞‡•Ç. 7,00,000",Delrvery purpose,Auto4WD,white,2018,15,796,Petrol,63000,no,
SWIFT LXI 2005 (Urgent Sale ) All Tax cleared (Maruti Suzuki),"‡§∞‡•Ç. 8,99,999",,Manual2WD,Silver,2005,,1200,Petrol,70000,,
Hyundai creta sxo petrol 2019 (Hyundai),"‡§∞‡•Ç. 48,50,000",,Manual - 2WD,White,2019,14,1598,Petrol,41000,,
four sale swift zxi 2017 model (Maruti Suzuki),"‡§∞‡•Ç. 22,50,000",,Manual - 2WD,,2017,15,1200,Petrol,35680,,
Japanese Model Mazda 3 On Sale Air Bag N Abs Fresh (Mazda),"‡§∞‡•Ç. 9,50,000",15 Years,Manual - 2WD,Blue,2004,10,1600,Petrol,61000,w,
pick up van bikrima (Maruti Suzuki),"‡§∞‡•Ç. 2,00,000",,Manual - 2WD,white,1999,16,800,Petrol,20000,,
Brezza Zxi + petrol 2021 Single owner 9851138810 (Maruti Suzuki),"‡§∞‡•Ç. 39,75,000",1 year,Manual - 2WD,WhIte,2021,15,1500,Petrol,18500,,
Single hand Honda Jazz VMT Fully Loaded 2016 (Honda),"‡§∞‡•Ç. 24,75,000",Private,Manual2WD,Morun metallic,2016,12,1200,Petrol,37000,Yes,
Santro (Hyundai),"‡§∞‡•Ç. 12,50,000",7 month,Manual2WD,Silver,2009,13 plus,1096,Petrol,78000,,
sales (Mahindra),"‡§∞‡•Ç. 12,00,000",comercial,Manual - 2WD,white,2016,,2523,Diesel,127130,,
indica 2007 model DLE (Tata),"‡§∞‡•Ç. 5,00,000",home to office,Auto2WD,white,2007,18,1400,Diesel,53000,no,
Hilux 2010 (Toyota),"‡§∞‡•Ç. 35,00,000",Home,Manual4WD,Silver,2010,15,2500 cc,Diesel,100000,No warrant,
Car (Volkswagen),"‡§∞‡•Ç. 14,90,000",Nepal,Auto - 4WD,White,2011,14,1600,Petrol,38000,No,
I10 on sale (Hyundai),"‡§∞‡•Ç. 16,00,000",,Manual2WD,Gray,2012,14-15,1100,Petrol,33000,,
Hyundai i20 active 2016 model in sell (Hyundai),"‡§∞‡•Ç. 26,50,000",,Manual - 2WD,white,2016,,1200,Petrol,40000,,
Urgent sale Hundai i20 Active (Hyundai),"‡§∞‡•Ç. 29,50,000",Home,Auto2WD,Sleek Silver,2015,12,1200,Petrol,53000,,
Kia Sportage 2016 model single handed in sell (Kia),"‡§∞‡•Ç. 57,00,000",,Manual - 4WD,grey,2016,,,Diesel,,,
Nissan Datsun Redi Go Brand New Condition 5000k (Datsun),"‡§∞‡•Ç. 17,50,000",,Manual - 2WD,White,2021,,1000,Petrol,5000,,
santro full option (Hyundai),"‡§∞‡•Ç. 12,00,000",personal use,Auto - 2WD,red,2005,12,1000,Petrol,42000,no,
Alto Taxi 2019 (Maruti Suzuki),"‡§∞‡•Ç. 2,80,000",3 years,Manual - 2WD,White,2019,17,800,Petrol,125000,,
Scorpio double cab 4wd (Mahindra),"‡§∞‡•Ç. 25,75,000",5 years,Manual4WD,Silver,2017,12,2200,Diesel,88000,,
Toyota AVANZA 7 Seater (Toyota),"‡§∞‡•Ç. 17,50,000",,Manual - 2WD,,0,,,Petrol,,,
Kia picanto 2008 (Kia),"‡§∞‡•Ç. 8,80,000",,PowerSteering,Red,2008,,1086,Petrol,70000,,
FULL FRESH FULLY LOADED HYUNDAI TUCSON ON SALE (Hyundai),"‡§∞‡•Ç. 18,75,000",13 years,Manual4WD,Light blue green,2008,17,2000,Diesel,66000,,
Tucson for sale (Hyundai),"‡§∞‡•Ç. 18,50,000",2,Manual - 4WD,light sky blue,2007,15,2000,Diesel,560000,no,
Maruti Suzuki Swift 2015 Vxi Single Use For Sale (Maruti Suzuki),"‡§∞‡•Ç. 18,75,000",5 year,Manual - 2WD,Grey,2015,16,1200,Petrol,48000,Yes,
Honda City 2014 (Honda),"‡§∞‡•Ç. 20,99,000",9 years,Manual - 2WD,Maroon,2014,12,1500,Petrol,55000,,
hyundai eon (Hyundai),"‡§∞‡•Ç. 9,00,000",,Manual - 2WD,silver,2012,14,814,Petrol,40000,,
Hyundai i20 Asta Dual Tone (Hyundai),"‡§∞‡•Ç. 27,00,000",,Auto2WD,White,2017,,1200,Petrol,,,
tipper (Tata),"‡§∞‡•Ç. 38,00,000",aa,Manual - 4WD,white,2019,40,5883,Diesel,50000,no,
Maruti Suzuki Zen for sale ! (Maruti Suzuki),"‡§∞‡•Ç. 4,50,000",,Manual2WD,sky Blue,2002,17/18,993,Petrol,27000,,
Maruti Suzuki Brezza Zdi plus 2018 (Maruti Suzuki),"‡§∞‡•Ç. 32,00,000",personal,Manual - 2WD,White,2018,14,1400,Diesel,43000,,
Suzuki Swift ZXI (Maruti Suzuki),"‡§∞‡•Ç. 23,00,000",Personal Home Office inside ktm,Manual2WD,Metallic Magma Grey,2016,15.3 (As shown on the average counter display),1248,Petrol,30000,,
I20 Sportz Brand New Car for sale. (Hyundai),"‡§∞‡•Ç. 36,00,000",1 Yr,Manual2WD,White,2021,20,1200,Petrol,16000,,
Taxi on sell (Maruti Suzuki),"‡§∞‡•Ç. 2,11,000",,Auto4WD,,2015,,,Petrol,,,
Renault Duster RXZ+ AWD 2017 DCI for Sale (Renault),"‡§∞‡•Ç. 34,00,000",6Yrs,Auto4WD,Grey,2017,12Km/Pl,1500,Diesel,45000,Manufacturer/Importer,
Tata nano(Sky blue) (Tata),"‡§∞‡•Ç. 4,15,000",10years,Auto - 4WD,Sky blue,2069,17,624,Petrol,32564,No,
endeavor (Ford),"‡§∞‡•Ç. 1,10,00,000",,Auto - 4WD,white,2016,12,3200,Diesel,62000,,
maruti swift (Maruti Suzuki),"‡§∞‡•Ç. 26,50,000",Few time,Manual2WD,Silver,2020,19-20,1200,Petrol,11000,Company..,
Hyundai i10 Magna 2014 (Hyundai),"‡§∞‡•Ç. 17,00,000",,Manual - 2WD,Maroon Red,2014,,1200,Petrol,39000,,
DATSUN GO 1.2 2016 FOR SALE (Datsun),"‡§∞‡•Ç. 13,25,000",7Yrs,Manual2WD,Maroon,2016,12Km/Pl,1200,Petrol,39000,Manufacturer/Importer,
sell (Maruti Suzuki),"‡§∞‡•Ç. 32,00,000",,PowerSteering,maroon color (red),2018,14,1200,Diesel,66000,,
Creta Sx + petrol for sale (Hyundai),"‡§∞‡•Ç. 34,50,000",Private,Manual2WD,White,2016,12,1600,Petrol,41000,,
Hyundai i20 Active S 2019 (Single Handed) (Hyundai),"‡§∞‡•Ç. 32,00,000",personal Use,Manual - 2WD,White,2019,15,1400,Petrol,39000,,
urgent sell (Tata),"‡§∞‡•Ç. 36,00,000",,Auto2WD,green,2021,,1200,Petrol,36000,,
Suzuki Balena (2017) For Sale! (Maruti Suzuki),"‡§∞‡•Ç. 24,00,000",,Manual2WD,,2017,,,Petrol,,,
Mitsubishi L200 - 4WD Pickup - Hilux Model (Mitsubishi),"‡§∞‡•Ç. 20,50,000",,Manual4WD,White,2007,8,2500,Diesel,79000,,
Hyundai Tucson 2009 (Hyundai),"‡§∞‡•Ç. 21,00,000",personal Used,Manual4WD,Akasilver,2009,12-Aug,1191cc,Diesel,65000,No Warranty,
Sell (Kia),"‡§∞‡•Ç. 25,15,000",Prived,Manual4WD,Grey,2009,10,2000,Diesel,71000,"No,",
Mahindra KUV 100 K8 (Mahindra),"‡§∞‡•Ç. 22,50,000",personal,Auto2WD,milavared,2016,14-15,1198cc,Petrol,35000,No warranty,
ford Figo titanium on sale (Ford),"‡§∞‡•Ç. 10,00,000",,Manual - 2WD,red,2011,,1200,Petrol,80000,,
Hyundai Tucson ix35 4WD (Hyundai),"‡§∞‡•Ç. 36,50,000",personal,Manual4WD,orange,2011,12-Oct,1995cc,Diesel,87000,No Warranty,
Toyota Land Cruiser Prado Vx (Toyota),"‡§∞‡•Ç. 2,35,00,000",,Auto - 4WD,Silver,2017,,4461,Diesel,85000,,
Ford Ranger Autogear 4wd 55 Lakh Bank Available (Ford),"‡§∞‡•Ç. 88,00,000",,Auto - 4WD,Grey,2020,,3200,Diesel,17000,,
Volkswagen Tiguan Allspace for sale (Volkswagen),"‡§∞‡•Ç. 87,00,000",Driving,Auto4WD,Uranus Grey,2017,,1984,Petrol,50000,,
Fresh condition Toyota RAV4 (Toyota),"‡§∞‡•Ç. 34,90,000",,Auto - 4WD,Red,2010,,2400,Petrol,84000,,
Toyota RAV4 2013 Model (Toyota),"‡§∞‡•Ç. 65,00,000",,Manual - 4WD,Grey,2013,,2500,Petrol,,,
urgent sale 9841395832 (Mahindra),"‡§∞‡•Ç. 7,50,000",,Manual2WD,,2015,,2600,Diesel,9,,
Maruti Suzuki Swift Dzire Zxi 2015 (Maruti Suzuki),"‡§∞‡•Ç. 21,50,000",,Manual4WD,Silver,2015,,1197,Petrol,40014,,
I10 sportz 1.2 for sale (Hyundai),"‡§∞‡•Ç. 15,99,999",12 years,Manual - 2WD,gry,2011,13,1200,Petrol,52000,no,
Kiger On Sell (Renault),"‡§∞‡•Ç. 25,00,000",Private,Power Steering,Blue,2021,15,1000,Petrol,18000,Available,
i10 Hyundai Magna - Silver (Hyundai),"‡§∞‡•Ç. 15,00,000",Personal use,Manual2WD,Silver,2010,14-Dec,1200cc,Petrol,58000,No,
Single handed isuzu s-cab for sale (Other Brands),"‡§∞‡•Ç. 29,75,000",5years,Manual - 2WD,silver,2018,13,2500,Diesel,30000,no,
Ford Figo exi for sale (Ford),"‡§∞‡•Ç. 12,25,000",10 years,Manual - 2WD,silver,2013,13,1200,Petrol,4000,no,
TOYOTA RAV4 FOR SALE (Toyota),"‡§∞‡•Ç. 33,00,000",personal purpose,Auto4WD,silver,2015,,2494,Petrol,12000,,
"Toyota HILUX On Sale RS. 36,00,000 (Toyota)","‡§∞‡•Ç. 36,00,000",Personal Commuting,Manual4WD,White,2010,,2755,Diesel,,,
Well Maintained Swift Dzire VXI 2012 for sell (Maruti Suzuki),"‡§∞‡•Ç. 17,00,000",10,Manual - 2WD,Silver,2012,13,1200,Petrol,63000,,
vehicle available for sale (Other Brands),"‡§∞‡•Ç. 15,00,000",,Power Steering,Red,2022,120,15,Electric,3000,,
Tata bus 1512 euro 3 jodi bus sasto ma (Tata),"‡§∞‡•Ç. 5,00,000",5 yrs,Manual - 4WD,blue white,2016,5,10000,Diesel,60000,non,
KIA Sportage urgent sale (Kia),"‡§∞‡•Ç. 18,75,000",14 years,Manual - 4WD,maroon red,2007,13,2000,Diesel,68000,,
Hyundai Santafee (Hyundai),"‡§∞‡•Ç. 80,00,000",,Auto4WD,RED,2012,,2199,Diesel,,,
tata Indica (Tata),"‡§∞‡•Ç. 5,50,000",,Power Steering,white,2007,,,Petrol,77000,,
Baleno (Maruti Suzuki),"‡§∞‡•Ç. 21,50,000",personal,Power Steering,grey,2016,,,Petrol,57186,,
Tata sumo bikrima (Tata),"‡§∞‡•Ç. 15,00,000",,Manual - 2WD,black,2016,,2800,Diesel,,,
tucson (Hyundai),"‡§∞‡•Ç. 17,50,000",16,Auto - 4WD,blue,2006,12,1992,Diesel,160000,,
Hyundai Santro GL plus 2011 Model (Hyundai),"‡§∞‡•Ç. 14,00,000",,Manual2WD,Silver,2011,,1086,Petrol,97000,,
chevtolet (Chevrolet),"‡§∞‡•Ç. 8,35,000",personal,Manual - 2WD,grey,2010,11,1400,Petrol,70100,,
Single hand grand i10 magna 2018(airbag) on sale (Hyundai),"‡§∞‡•Ç. 22,50,000",,Manual2WD,Red,2018,,1200,Petrol,27000,,
Skoda fabia on sale (Skoda),"‡§∞‡•Ç. 12,50,000",,Manual - 2WD,silver,2012,,1200,Petrol,68000,,
Volkswagen Polo 1.6 Highline (Volkswagen),"‡§∞‡•Ç. 21,00,000",6 yrs,Manual - 2WD,Silver,2015,,1600,Petrol,49000,,
tata sumo gold ex 2014 (Tata),"‡§∞‡•Ç. 12,50,000",privet,Power Steering,‡§ó‡•ã‡§≤‡•ç‡§°‡•á‡§®,2014,,2956,Diesel,,,
Mahindra scorpio pickup (Mahindra),"‡§∞‡•Ç. 24,00,000",,Manual4WD,,2016,,2200,Diesel,,,
Super Fresh Condition 2007 Model Toyota Hilux (Toyota),"‡§∞‡•Ç. 26,95,000",Personal,Manual - 4WD,White,2007,10,2500,Diesel,80000,Some days,
Toyota Hilux (Toyota),"‡§∞‡•Ç. 26,95,000",Personal,Manual - 4WD,White,2007,10,2500,Diesel,80000,Some days,
Japanese Sirion on Sale (Daihatsu),"‡§∞‡•Ç. 9,30,000",,Manual - 2WD,silver,2007,15,1300,Petrol,78000,,
Tata nexon xza + on sell (Tata),"‡§∞‡•Ç. 37,00,000",personal,Auto - 4WD,silver,2021,20,1200,Petrol,5000,5 years,
New Electric taxi booking open (Tata),"‡§∞‡•Ç. 45,00,000",,Auto - 2WD,white,2023,,,Electric,0,3 years warranty,
jamma 1350000 maa 15 ko tata sumo (Tata),"‡§∞‡•Ç. 14,00,000",,Auto - 2WD,selver,2015,,,Diesel,80000,,
Wagonr 2017 model vxi Car sale (Maruti Suzuki),"‡§∞‡•Ç. 16,90,000",personal,Manual - 2WD,red,2017,17,999,Petrol,31000,no,
Hyundai Kona EV 2021 with only 10000 Km (Hyundai),"‡§∞‡•Ç. 55,50,000",,Auto2WD,Grey,2021,,,Electric,10000,,
KIA Sportage on Sale!! (Kia),"‡§∞‡•Ç. 9,90,000",,Manual4WD,Maroon,2001,13,2200,Diesel,143000,,
Hyundai i20 Magna 2013 (Hyundai),"‡§∞‡•Ç. 17,35,000",10 Years,Manual - 2WD,Chocolate,2013,14,1197,Petrol,44000,No warranty,
VOLKSWAGEN POLO GT TSI Autogear 2013 (Volkswagen),"‡§∞‡•Ç. 24,50,000",,Auto2WD,WHite,2013,,1200,Petrol,35000,,
Single Handed Eeco 7 Seater 2018 For Sell,"‡§∞‡•Ç. 17,00,000",,Manual - 2WD,Silver,2018,12,1200,Petrol,41000,,
Toyata Rav4 Autogear 2008 Model On Sale Urgent (Toyota),"‡§∞‡•Ç. 38,00,000",,Auto - 4WD,White,2008,,2362,Petrol,91000,,
Triber Renualt 2021 (Renault),"‡§∞‡•Ç. 23,50,000",1.6 year,Auto2WD,Metal Mustard,2021,16,999,Petrol,14000,Yes,
Fully fresh Hyundai grand i10 Magna (Hyundai),"‡§∞‡•Ç. 22,25,000",,Manual2WD,sleek silver,2016,15,1197cc,Petrol,33000,,
car on sale (Hyundai),"‡§∞‡•Ç. 11,00,000",,Power Steering,grey,2008,,1000,Petrol,88000,,
TOYOTA AVANZA 7 Seater (Toyota),"‡§∞‡•Ç. 17,50,000",,Manual - 2WD,,0,,,Petrol,,,
Mitsubishi pajero 5 door for sale (Mitsubishi),"‡§∞‡•Ç. 1,28,00,000",,Auto4WD,,2016,,3200,Diesel,,,
grand vitara (Maruti Suzuki),"‡§∞‡•Ç. 75,99,000",Brand new,Manual4WD,Silver,2023,29.87,1490,Hybrid,315,As per company rules,
Hyundai Creta (Hyundai),"‡§∞‡•Ç. 35,85,000",,Manual - 4WD,sleek sliver,2015,,1591,Petrol,57000,,
Toyota Hilux (Toyota),"‡§∞‡•Ç. 78,00,000",,Manual - 4WD,sliver,2018,,2755,Diesel,40000,,
Toyota Hilux (Toyota),"‡§∞‡•Ç. 78,00,000",,Manual - 4WD,silver,2018,,2755,Diesel,40000,,
tata winger school van (Tata),"‡§∞‡•Ç. 10,00,000",,Manual - 2WD,yellow,2010,8,1900,Diesel,82000,,
Toyota hilux (Toyota),"‡§∞‡•Ç. 78,00,000",,Manual - 4WD,silver,2018,,2755,Diesel,40000,,
Hyundai Creta (Hyundai),"‡§∞‡•Ç. 35,90,000",,Auto - 2WD,sleek silver,2015,,1591,Petrol,57000,,
Hyundai Creta (Hyundai),"‡§∞‡•Ç. 35,85,000",,Manual - 2WD,sleek silver,2015,,1591,Petrol,57000,,
2017 Hyundai Eon Era Plus (Hyundai),"‡§∞‡•Ç. 13,50,000",,Manual - 2WD,Silver,207,,814,Petrol,33000,,
Renault Kiger RXL MT Auto Gear (Renault),"‡§∞‡•Ç. 27,85,000",,Auto - 2WD,Moonlight Silver,2021,,999,Petrol,7000,,
SONET (KIA) (Kia),"‡§∞‡•Ç. 32,00,000",,Manual2WD,Intense red,2021,,1200,Petrol,11000,,
"comapany color, fully loaded, freshcreta sx plus (Hyundai)","‡§∞‡•Ç. 36,50,000",home,Manual - 2WD,silver,2016,12,1600,Petrol,39243,,
Hyundai Creta E Premium Loaded - Petrol (Hyundai),"‡§∞‡•Ç. 54,56,000",,Manual2WD,,2023,,,Petrol,,,
Loan 15 lakh - 17 lakh cash buy this auto captiva (Chevrolet),"‡§∞‡•Ç. 17,00,000",,Auto - 4WD,,2013,,,Diesel,,,
Grand i10 Magna 2014 (Hyundai),"‡§∞‡•Ç. 18,75,000",,Manual - 4WD,grey,2014,,1197,Petrol,42000,,
polo 1.6 high-Line 2016 (Volkswagen),"‡§∞‡•Ç. 24,50,000",,Manual - 2WD,orange,2016,,1600,Petrol,49000,,
Tata nexon xm s (Tata),"‡§∞‡•Ç. 36,50,000",,Manual2WD,White,2021,,1200,Petrol,17000,,
Hyundai getz (Hyundai),"‡§∞‡•Ç. 9,25,000",,Manual2WD,Blue,2008,,1400,Petrol,67000,,
nissan super saloon 2005 model on sale (Nissan),"‡§∞‡•Ç. 11,00,000",,PowerSteering,silver,2005,,1600,Petrol,100500,,
Excellent 9817874410 (Tata),"‡§∞‡•Ç. 16,50,000",5 years,Auto2WD,red,2014,14,2956,Diesel,125000,,
Single hand 2018 model Isuzu S-Cab sales & Exchang (Other Brands),"‡§∞‡•Ç. 30,50,000",,Manual - 2WD,,2018,,2499,Diesel,,,
Toyota echo (Toyota),"‡§∞‡•Ç. 9,50,000",,Power Steering,grey,2003,,1300,Petrol,140000,,
Ecosport 2013 trend model (Ford),"‡§∞‡•Ç. 17,75,000",,Manual2WD,White,2013,,1200,Diesel,54500,,
scorpio m2 di crd (Mahindra),"‡§∞‡•Ç. 11,85,000",,Auto - 2WD,black,2006,16,2523,Diesel,,,
Maruti suzuki s cross (Maruti Suzuki),"‡§∞‡•Ç. 25,00,000",,Manual2WD,Gray,2016,16/17,,Diesel,,,
winger 14 seter 2018 ko fresh xa (Tata),"‡§∞‡•Ç. 18,00,000",privet,Manual - 2WD,silver,2018,12,1900,Diesel,,no,
Swift Zxi 2006 Single Hand (Maruti Suzuki),"‡§∞‡•Ç. 13,90,000",17 years,Manual - 2WD,Silver,2006,14,1200,Petrol,55000,Buy back,
Tata intra V20 on sale (Tata),"‡§∞‡•Ç. 14,50,000",2 years,Manual - 2WD,blue,2020,12,1396,Diesel,28000,,
Toyota Corolla lx new shape with double airbag (Toyota),"‡§∞‡•Ç. 17,25,000",,Manual - 2WD,Royal black,2007,,1600,Petrol,47000,,
Tata Tigor (Tata),"‡§∞‡•Ç. 24,00,000",,Auto2WD,red,2020,,,Petrol,-,,
Tata Tipper (Tata),"‡§∞‡•Ç. 18,00,000",3 yrs,Auto2WD,blue,2017,,,Diesel,79000,,
fresh rio hatchback on sell with sunroof (Kia),"‡§∞‡•Ç. 8,20,000",,Manual - 2WD,orange,2006,17,1400,Petrol,65000,,
Mahindra bolero (Mahindra),"‡§∞‡•Ç. 7,50,000",Marketing,Auto2WD,White,2013,,2523,Diesel,,,
i20 active s (Hyundai),"‡§∞‡•Ç. 26,50,000",,Manual - 2WD,,2015,,1200,Petrol,,,
Hiace for sale (Toyota),"‡§∞‡•Ç. 38,00,000",,Manual2WD,White,2015,,2800,Diesel,,,
Family car on sale - Perodua viva (Perodua),"‡§∞‡•Ç. 7,65,000",,Manual - 2WD,Silver,2008,,850,Petrol,36000,,
Suzuki vittara 3 door (Maruti Suzuki),"‡§∞‡•Ç. 8,75,000",,Manual4WD,white,1992,,1600 Cc,Petrol,100000,No,
Bolero Maxx on Sell. (Mahindra),"‡§∞‡•Ç. 14,00,000",,Power Steering,White,2018,,,Diesel,34000,,
well maintained fully fresh engine i20 on sale (Hyundai),"‡§∞‡•Ç. 12,50,000",office,Manual2WD,silver,2010,16,1200,Petrol,48000,no,
KIA Sorento (Kia),"‡§∞‡•Ç. 55,00,000",,Auto4WD,Silver,2009,,,Diesel,55000,,
Hyundai Creta 2017 (Hyundai),"‡§∞‡•Ç. 33,90,000",,Manual - 2WD,gre,2017,,1598,Petrol,41000,,
Omni cargo 2016 model (Maruti Suzuki),"‡§∞‡•Ç. 5,50,000",,Manual - 4WD,,2016,,800,Petrol,,,
Honda CR-V 2018 (Honda),"‡§∞‡•Ç. 1,07,00,000",,Auto4WD,White,2018,,1500,Petrol,8300,,
Fresh Maruti Car On Sales (Maruti Suzuki),"‡§∞‡•Ç. 5,50,000",,Manual - 2WD,Silky Silver,2006,15,800,Petrol,81155,,
wagan R 2008 vxi (Maruti Suzuki),"‡§∞‡•Ç. 8,35,000",10 years,Manual - 2WD,marron,2008,16,1087,Petrol,55000,,
Terios (Daihatsu),"‡§∞‡•Ç. 15,00,000","family , office",Power Steering,red,1999,10,1300,Petrol,,,
Full fresh condition zyotee mini JEEP on sale (Other Brands),"‡§∞‡•Ç. 9,95,000",12 years,Manual2WD,Black,2010,14,1300,Petrol,48000,,
Vw poli 1.6 single hand (Volkswagen),"‡§∞‡•Ç. 16,50,000",,Manual2WD,Black,2011,13,1600,Petrol,47000,,
Suzuki Swift Dzire 2010 Vxi (Maruti Suzuki),"‡§∞‡•Ç. 13,99,999",,Auto - 2WD,White,2010,16,1200,Petrol,61000,,
Skoda Rapid 2021 with 15 lakh Finance (Skoda),"‡§∞‡•Ç. 30,00,000",,Manual - 2WD,White,2021,,1000,Petrol,21000,,
Hyundai I10 (2014 Model) (Hyundai),"‡§∞‡•Ç. 17,00,000",9,Manual2WD,maroon,2014,16.5,1049,Petrol,41848,,
2010 maruti suzuki ritz fully loaded (Maruti Suzuki),"‡§∞‡•Ç. 10,99,000",all kind,Manual2WD,silver,2010,14 km,1200,Petrol,750000,no,
Skoda Rapid 2013 (Skoda),"‡§∞‡•Ç. 16,25,000",personal use,Manual2WD,silver,2013,22,,Diesel,73000,yes,
Tata Tiago On Sale (Tata),"‡§∞‡•Ç. 19,80,000",4 years,Manual - 2WD,Coffee,2019,15,1200,Petrol,20000,,
Kia sportage lxi petrol (Kia),"‡§∞‡•Ç. 48,50,000",4.5yrs,Manual2WD,Silver,2018,13-Oct,2000,Petrol,52000,No,
all new Ford Fiesta titanium (Ford),"‡§∞‡•Ç. 15,00,000",personal,Manual - 2WD,gray,2013,18,1500,Diesel,96000,no,
Mahindra Bolero 2009 model for sale (Mahindra),"‡§∞‡•Ç. 8,90,000",,Manual2WD,White,2009,,2523 CC,Diesel,,,
Ford Eco sport (2015) white (Ford),"‡§∞‡•Ç. 21,50,000",personal,Manual - 2WD,white,2015,,1500,Petrol,70000,,
407 Tata Mini Trac Sell (Tata),"‡§∞‡•Ç. 9,25,000",5 years,Power Steering,Ghum,2017,10,,Diesel,40000,No,
2010 Model New Shape I10 Magna 1.2 On Sale (Hyundai),"‡§∞‡•Ç. 14,75,000",10 Years,Manual - 2WD,Grey,2010,14,1200,Petrol,61000,@,
Hyundai Getz 2009 Model Full Option (Hyundai),"‡§∞‡•Ç. 9,20,000",,Manual - 2WD,,2009,,1350,Petrol,72000,,
Excellent Condition Suzuki Eeco van 2012 on Sale (Maruti Suzuki),"‡§∞‡•Ç. 12,25,000",,Manual2WD,Grey,2012,12,1200,Petrol,48000,,
Excellent Condition Suzuki Swift Zxi 2008 on sale (Maruti Suzuki),"‡§∞‡•Ç. 13,99,999",,Manual2WD,Azure Grey,2008,13-Dec,1300,Petrol,66000,,
Hyundai i10 (Hyundai),"‡§∞‡•Ç. 24,00,000",2 years,Manual - 2WD,silver,2020,2025,1200,Petrol,26500,no,
Tata sumo ex gold (Tata),"‡§∞‡•Ç. 11,75,000",SUV/Jeep,Power Steering,gold,2013,,2956,Diesel,93000,,
Suzuki Swift Dzire VXI 2009 (Maruti Suzuki),"‡§∞‡•Ç. 11,90,000",,Manual - 2WD,silver,2009,,1200,Petrol,60000,,
Very Fresh Car for Sale(2016) (Skoda),"‡§∞‡•Ç. 19,75,000",6 years,Manual2WD,White,2016,16-20 kmpl,1.4,Diesel,60000,No,
Rav4 (Toyota),"‡§∞‡•Ç. 65,00,000",4,Manual - 2WD,Grey,2013,,2500,Petrol,55000,1,
Hyundai Matrix with Sunroof (Hyundai),"‡§∞‡•Ç. 6,50,000",,Manual - 2WD,,2003,,,Petrol,,,
Toyota avanza 2006 for sales (Toyota),"‡§∞‡•Ç. 18,00,000",Prosnal,Auto2WD,silver,2006,11,1300,Petrol,8500,No,
Ford Freestyle Titanium On Sale (Ford),"‡§∞‡•Ç. 24,95,000",,Auto2WD,White,2018,,1200,Petrol,28800,,
Jyoti For Sale (Other Brands),"‡§∞‡•Ç. 10,50,000",Bharosa,Manual - 2WD,Red,2011,12,1500,Petrol,76000,,
Lxi Alto (Maruti Suzuki),"‡§∞‡•Ç. 13,50,000",Bharosa,Manual - 2WD,White,2016,16,800,Petrol,56000,,
Scorpio S5+ 2020 Model (Mahindra),"‡§∞‡•Ç. 42,00,000",,Manual - 4WD,white,2020,,,Diesel,,,
vitara brezza zdi+ (Maruti Suzuki),"‡§∞‡•Ç. 30,25,000",5,Manual - 2WD,white,2017,17,1250,Diesel,50000,no,
Suzuki swift zxi 2014 (Maruti Suzuki),"‡§∞‡•Ç. 20,00,000",,Manual - 2WD,silver,2014,14,1500,Petrol,,,
Scorpio S4 Plus 2017 model (Mahindra),"‡§∞‡•Ç. 36,00,000",,Manual - 4WD,Blue,2017,,,Diesel,,,
Mahindra tipper (Mahindra),"‡§∞‡•Ç. 18,00,000",personal construction,Auto2WD,blue,2018,,2609 cc,Diesel,23000,,
FORD ECO SPORTS IN IMMACULATE CONDITION (Ford),"‡§∞‡•Ç. 23,50,000",4 YRS,PowerSteering,GREY,2018,,1500,Petrol,35500,,
"Swift Dzire vxi ,2008 model, petrol,9851016822 (Maruti Suzuki)","‡§∞‡•Ç. 12,50,000",,Manual - 2WD,grey,2008,,1300,Petrol,66235,,
"Nios grand i10 magna,2021 model, petrol,9851016822 (Hyundai)","‡§∞‡•Ç. 27,75,000",,Manual - 2WD,graynite,2021,,1200,Petrol,12000,,
Singelhand 2018 breeza zdi+ with finance (Maruti Suzuki),"‡§∞‡•Ç. 33,50,000",3 years,Manual2WD,Blue white,2018,18,1300,Diesel,32000,,
"Grand i10 magna ,2017 model,9851016822,Finance hnx (Hyundai)","‡§∞‡•Ç. 22,25,000",,Manual - 2WD,red,2017,,1200,Petrol,33256,,
"full option Swift zxi ,2014 model,9851016822 (Maruti Suzuki)","‡§∞‡•Ç. 20,75,000",,Manual - 2WD,silver,2014,,1200,Petrol,42136,,
"Swift zxi with push button,2017 model, petrol, (Maruti Suzuki)","‡§∞‡•Ç. 25,50,000",,Manual - 2WD,silver,2017,,1200,Petrol,39523,,
"Eeco van 7 seater with airbag Petrol,2020 model, (Maruti Suzuki)","‡§∞‡•Ç. 18,50,000",,Manual - 2WD,silver,2020,,1200,Petrol,23000,,
"Hyundai Grand I10, 2018 Model, Only 17000km Silver (Hyundai)","‡§∞‡•Ç. 23,50,000",private (home-office),Manual2WD,silver,2018,,1200,Petrol,17000,upto 2025 March,
2020 Wagon r new 1200cc facelift with 75% finance (Maruti Suzuki),"‡§∞‡•Ç. 21,90,000",2 years,Manual2WD,Grey silver,2019,18,1200,Petrol,17300,,
Suzuki Alto Lxi 2018 Model (Maruti Suzuki),"‡§∞‡•Ç. 13,99,000",,Power Steering,Silver,2018,,800,Petrol,42000,,
Hilux Tiger 2002 model (Toyota),"‡§∞‡•Ç. 16,25,000",Official purpose,Manual4WD,Green,2002,10-Aug,3000,Diesel,150000,,
Maruti Suzuki Wagon R VXI 2013 last model (Maruti Suzuki),"‡§∞‡•Ç. 14,05,000",9 years,Manual2WD,White,2013,21,998,Petrol,46160,,
Hyundai Verna SX 1.6 (Hyundai),"‡§∞‡•Ç. 19,50,000",personal,Manual2WD,Blue,2012,12 to 14,1600,Petrol,71000,,
Maruti Suzuki Ciaz ZXI | 2015 |45000km (Maruti Suzuki),"‡§∞‡•Ç. 25,00,000",Personal,Manual2WD,Silver,2015,17-19km/l,1400,Petrol,45000,,
nexon xz+ petrol 2020 single ownership (Tata),"‡§∞‡•Ç. 32,50,000",,Manual - 2WD,,2020,,,Petrol,35000,,
Toyota Rav 4 Auto Gear 9741819070 (Toyota),"‡§∞‡•Ç. 12,45,000",,Auto - 4WD,white,1998,,1997,Petrol,,,
Tata nissan CRX (Mahindra),"‡§∞‡•Ç. 7,50,000",,Manual - 2WD,,2009,,,Diesel,,,
Tata zest xt 2016 model for sale (Tata),"‡§∞‡•Ç. 18,50,000",,Manual2WD,Pearl white,2016,,1200,Petrol,39000,,
"Perodua myvi 2009 model, excellent condition (Perodua)","‡§∞‡•Ç. 7,70,000",,Auto - 2WD,silver,2009,12,1300,Petrol,75000,,
2018 model Mahindra Electric car E2O plus P6 (Mahindra),"‡§∞‡•Ç. 19,75,000",,Auto - 2WD,silver,2018,,,Electric,,,
Nissan Navara (Nissan),"‡§∞‡•Ç. 12,00,000",,Manual - 4WD,white,2005,,,Diesel,,,
2015 Model Daihatsu Terios 4 wd drive 9847699255 (Daihatsu),"‡§∞‡•Ç. 44,50,000",,Manual - 4WD,grey,2015,,1500,Petrol,43000,,
maruti suzuki wagner (Maruti Suzuki),"‡§∞‡•Ç. 15,50,000",5,Manual - 2WD,grey metalic,2014,20,1000,Petrol,48,non,
Tata Yodha on sale (Tata),"‡§∞‡•Ç. 13,00,000",,Auto - 2WD,white,2018,,,Diesel,46000,,
Swift zxi 2016 (Maruti Suzuki),"‡§∞‡•Ç. 23,75,000",,Manual - 2WD,silver,2016,,1200,Petrol,38000,,
Grand i10 Asta 2016 (Hyundai),"‡§∞‡•Ç. 23,75,000",,Manual - 2WD,silver,2016,14,1200,Petrol,52000,,
Toyota Corolla Lx Fully Loaded Double Airbags (Toyota),"‡§∞‡•Ç. 17,50,000",,Manual - 2WD,Royal blue,2007,,1600,Petrol,47000,,
Maruti Delivery Van (Maruti Suzuki),"‡§∞‡•Ç. 5,05,000",Household use,Manual2WD,White,2015,15km/ltr,800,Petrol,52500,,
Maruti suzuki Celerio Vxi Auto 2014 model for sale (Maruti Suzuki),"‡§∞‡•Ç. 18,00,000",,Auto2WD,Light green,2014,,1000,Petrol,47000,,
Ford Figo Single Woner No Dent Super Fresh Car (Ford),"‡§∞‡•Ç. 16,50,000",,Manual - 2WD,Red,2017,,1200,Petrol,43000,,
Toyota Avanza 7 seater for sale 2013 model (Toyota),"‡§∞‡•Ç. 21,50,000",,Manual2WD,Silver,2013,,1300,Petrol,53000,,
Mahindra Bolero DC 2017 pickup for sale (Mahindra),"‡§∞‡•Ç. 19,50,000",,Manual4WD,White,2017,,2523,Diesel,38000,,
Hyundai i20 sports 2010 model for sale (Hyundai),"‡§∞‡•Ç. 15,50,000",,Manual2WD,Dark maroon,2010,12,1200,Petrol,73747,,
Maruti suzuki eco van for sale 2016 model (Maruti Suzuki),"‡§∞‡•Ç. 14,50,000",,Manual2WD,Silver,2016,,1200,Petrol,54590,,
Grand i 10 Astha 14 modrl (Hyundai),"‡§∞‡•Ç. 19,50,000",,Manual2WD,Gray,2014,15,,Petrol,63000,,
sentro Xing (Hyundai),"‡§∞‡•Ç. 11,50,000",,Power Steering,white,2009,,1086,Petrol,60000,,
Ford Figo On Sale (Ford),"‡§∞‡•Ç. 9,99,999",Year,Manual - 2WD,Black,2011,13,1199,Petrol,53000,No,
suzuki brezza (Maruti Suzuki),"‡§∞‡•Ç. 41,00,000",2years,Manual - 2WD,red black,2021,,1500,Petrol,24500,,
4w Suv On Sale In Very Very Barand New Condition (Mahindra),"‡§∞‡•Ç. 23,99,999",Few year,Manual - 4WD,White,2020,14,0,Diesel,49000,No,
Honda civic (Honda),"‡§∞‡•Ç. 15,75,000",10,Manual2WD,Grey,2007,10,1600cc,Petrol,60000,No,
Car for sale (Hyundai),"‡§∞‡•Ç. 10,00,000",personal,Manual2WD,Blue,2012,17,814Cc,Petrol,47000,,
Suzuki swift VXI (Maruti Suzuki),"‡§∞‡•Ç. 14,50,000",,Manual2WD,,2010,,,Petrol,,,
terios on sale (Daihatsu),"‡§∞‡•Ç. 25,50,000",,Manual - 4WD,,2007,,1500,Petrol,53000,,
Hatti gadi Mahindra maximo plus color white (Mahindra),"‡§∞‡•Ç. 4,50,000",2013 Model,PowerSteering,white,2013,15,901,Diesel,16057,,
Toyota aca33r 2008 For Sell (Toyota),"‡§∞‡•Ç. 50,00,000",,Manual - 4WD,Black,2008,,2362,Diesel,,,
Datsun Go Sale Second Hand (Datsun),"‡§∞‡•Ç. 13,25,000",,PowerSteering,Gray,2015,,,Petrol,,,
Hyundai I 10 asta for sale (Hyundai),"‡§∞‡•Ç. 20,00,000",,Manual - 2WD,grey,2014,25,,Petrol,62000,,
Eeco Van 2018 Model (Maruti Suzuki),"‡§∞‡•Ç. 15,25,000",,Manual - 2WD,White,2018,,1200,Petrol,63000,,
Chevrolet yuva (Chevrolet),"‡§∞‡•Ç. 6,80,000",4 Years,PowerSteering,Golden,2008,10,1200,Petrol,72000,,
Hyundai Creta SX (Facelift) 2019 For Sale (Hyundai),"‡§∞‡•Ç. 44,50,000",4 Years,Manual - 2WD,Grey,2019,12,1598,Petrol,37000,Manufacturer/ Importer,
Suzuki maruti 800 (Maruti Suzuki),"‡§∞‡•Ç. 6,00,000",All,Manual2WD,Nilo,2006,18,800,Petrol,,No,
Kia Soprtage GT line 2021 (Kia),"‡§∞‡•Ç. 90,00,000",Single handed,Auto2WD,White,2021,10-Sep,2000,Petrol,30000,,
Santro xing (Hyundai),"‡§∞‡•Ç. 11,70,000",,Manual - 2WD,red,2009,,1100,Petrol,,,
Car On Sale (Tata),"‡§∞‡•Ç. 9,00,000",,Manual - 2WD,White,2015,,,Petrol,63,,
urgent sale (Tata),"‡§∞‡•Ç. 14,00,000",Personal,Manual - 2WD,silver,2010,12,2200,Petrol,57200,,
Tata Mobile Transportation jeep (Tata),"‡§∞‡•Ç. 2,50,000",,Manual - 2WD,blue,2060,,,Diesel,,,
Hyundai santro for sell (Hyundai),"‡§∞‡•Ç. 11,50,000",Private,Manual2WD,Sky blue,2008,20,1200,Petrol,11111,No,
Maruti Suzuki Alto for sale (Maruti Suzuki),"‡§∞‡•Ç. 6,30,000",Personal use,Auto2WD,Silver grey,2000,18 Km per liter,800,Petrol,4950,,
Toyota | Fortuner | 2010 | 4WD | SUV (Toyota),"‡§∞‡•Ç. 57,50,000‡§∞‡•Ç. 58,00,000",Private Use,Manual2WD,Black,2010,10,3000,Petrol,105000,,
Tata nano with ac (Tata),"‡§∞‡•Ç. 3,90,000",10 years,Manual - 2WD,white,2012,23,624,Petrol,35000,,
SUPER FRESH CONDITION ZYOTEE MINI JEEP ON SALE (Other Brands),"‡§∞‡•Ç. 8,75,000",12 years,Manual2WD,White,2009,14,1300,Petrol,52000,,
Scoripio (Mahindra),"‡§∞‡•Ç. 36,75,000",,Manual - 4WD,Blue,2017,,2200,Diesel,65000,,
2009 ko kia spotes tu sell (Kia),"‡§∞‡•Ç. 16,00,000",,Auto - 2WD,ret,2009,10,1900,Petrol,76000,,
2010 ZOTYE 1.3 SINGLE HAND (Other Brands),"‡§∞‡•Ç. 10,25,000",,Manual2WD,Black,2010,13,1300,Petrol,55000,None,
Isuzu scab 2021 exchange or sell (Other Brands),"‡§∞‡•Ç. 35,50,000",,Manual2WD,,2021,,2500,Diesel,,,
Mahindra maximo HD series 2020 model (Mahindra),"‡§∞‡•Ç. 10,00,000",yes,Manual - 2WD,sliver,202,,909,Diesel,38000,,
712 mina bus sale and exchange car bike bullet (Tata),"‡§∞‡•Ç. 18,50,000",5,Manual2WD,White,2015,8,4000,Diesel,105000,No,
50% ‡§´‡§æ‡§à‡§®‡•ç‡§®‡§∏ ‡§∏‡•Å‡§¨‡§ø‡§ß‡§æ ‡§≠‡§è‡§ï‡•ã ciaz car ‡§¨‡§ø‡§ï‡•ç‡§∞‡•Ä‡§Æ‡§æ (Maruti Suzuki),"‡§∞‡•Ç. 22,00,000",personal,Manual - 2WD,white,2015,17,1387,Petrol,44500,no,
Hyundai Creta (Hyundai),"‡§∞‡•Ç. 55,00,000",,Manual2WD,Silver,2018,15 above,1600,Petrol,30000,,
MG Hector Shine (Other Brands),"‡§∞‡•Ç. 48,00,000",,Manual2WD,Black,2021,,,Petrol,7700,,
Ford ecoport Trend model (Ford),"‡§∞‡•Ç. 25,00,000",,Manual2WD,Brown,2016,,1500,Petrol,45000,,
Car for sales (Maruti Suzuki),"‡§∞‡•Ç. 7,15,000",,Manual4WD,,2009,,800,Petrol,80000,,
Honda city 2015 (Honda),"‡§∞‡•Ç. 23,20,000",,Manual - 2WD,silver gray,2015,,1490,Petrol,30100,,
Cevrolet Spark 2009 Model Full Loded (Chevrolet),"‡§∞‡•Ç. 9,00,000",,Auto2WD,Golden,2009,14-15,1000,Petrol,85000,,
Santro Xing For Sale (Hyundai),"‡§∞‡•Ç. 9,75,000",,Auto - 2WD,Husky Blue,2005,,1100,Petrol,82000,,
toyota fortuner (Toyota),"‡§∞‡•Ç. 97,00,000",year,Manual - 4WD,white,2015,12,3000,Diesel,45000,,
Full Option Santro Xing Urgent Sale (Hyundai),"‡§∞‡•Ç. 8,75,000",,Manual - 2WD,Grey,2004,,1068,Petrol,,,
Hyundai i10 sportz for sale (Hyundai),"‡§∞‡•Ç. 14,50,000",private use,Auto - 2WD,N3,2009,15,1200,Petrol,80000,no warenty,
creta sx sale.showroom condition (Hyundai),"‡§∞‡•Ç. 57,00,000",1 year,Manual2WD,melbury red,2021,12,1500,Petrol,14000,,
Ford Figo (Ford),"‡§∞‡•Ç. 10,75,000",,Manual - 2WD,Black,2011,,1200,Petrol,60000,,
2010 model (Maruti Suzuki),"‡§∞‡•Ç. 7,75,000",,Manual - 2WD,,2010,,,Petrol,,,
Volkswagen Polo 2018 (Volkswagen),"‡§∞‡•Ç. 24,50,000",,Manual2WD,Brown,2018,,998,Petrol,27969,,
CAR ON SALE (Maruti Suzuki),"‡§∞‡•Ç. 12,50,000",office only,Manual - 2WD,,2009,,,Petrol,,,
Kia Rio (Kia),"‡§∞‡•Ç. 5,40,000",Good,Auto2WD,Black,2004,14,1400,Petrol,60000,No,
Maruti Suzuki Swift Zxi 2014 (Maruti Suzuki),"‡§∞‡•Ç. 20,25,000",,Manual2WD,Grey,2014,,1197,Petrol,47582,,
MAHINDRA BOLERO PICKUP 4 WHEEL (Mahindra),"‡§∞‡•Ç. 11,50,000",,Manual - 4WD,SETO,2016,,2500,Petrol,46230,,
MARUTI SUZUKI ALTO ALTO CAR 800 (Maruti Suzuki),"‡§∞‡•Ç. 6,00,000",,Manual - 2WD,SILVER,2004,,800,Petrol,63586,,
HYUNDAI SANTRO XING SEMI OPTION CAR (Hyundai),"‡§∞‡•Ç. 17,25,000",,Manual - 2WD,SILVER,2014,,1086,Petrol,52490,,
ALTO K10 SEMI OPTION CAR (Hyundai),"‡§∞‡•Ç. 5,90,000",,Manual - 2WD,GRE,2002,,1061,Petrol,62570,,
Hyundai | Venue S | 2019 | CUV (Hyundai),"‡§∞‡•Ç. 30,50,000‡§∞‡•Ç. 30,75,000",,Manual2WD,Red,2019,12,1200,Petrol,40000,,
Maruti Suzuki Swift Zxi On Sale.. (Maruti Suzuki),"‡§∞‡•Ç. 18,97,000",7years,Manual2WD,Silver,2014,15,1197,Petrol,74000,No,
"Creta sx (o), 2019, silver color 9863861301 (Hyundai)","‡§∞‡•Ç. 51,00,000",,Manual2WD,Silver,2019,,1600,Petrol,20000,,
Renault Duster RXZ+ 2016 (Renault),"‡§∞‡•Ç. 24,75,000",Personal Used,Manual - 2WD,Silver,2016,17,1500,Diesel,75000,Yes,
dzire vxi 2014 (Maruti Suzuki),"‡§∞‡•Ç. 17,00,000",personal,Auto - 2WD,white,2014,14,1200,Petrol,65300,,
Hyundai i10 Magna 1.2 2013 For Sale (Hyundai),"‡§∞‡•Ç. 17,00,000",10 Years,Manual - 2WD,Silver,2013,13,1200,Petrol,50000,Manufacturer/ Importer,
Tata nano car (Tata),"‡§∞‡•Ç. 3,50,000",7 years,Manual4WD,Summer blue,2011,27km/ltr,624,Petrol,71000,Engine and gearbox for two years,
Brand new japanese vitara 4Wdüòçüòçüòç (Maruti Suzuki),"‡§∞‡•Ç. 89,50,000",New,Auto4WD,Premium silver,2021,27.97,1586,Hybrid,1000,Yes,
maruti suzuki celerio vxi 2014 auto gear (Maruti Suzuki),"‡§∞‡•Ç. 18,00,000",8 years,Auto - 2WD,Sunshine ray,2014,15,998,Petrol,47000,No,
Tata sumo gold urgent on the (Tata),"‡§∞‡•Ç. 12,00,000",,PowerSteering,,2009,,,Diesel,,,
Tata sumo gold urgent on the (Tata),"‡§∞‡•Ç. 12,00,000",,PowerSteering,,2009,,,Diesel,,,
2019 airbag with abs breck sell (Maruti Suzuki),"‡§∞‡•Ç. 27,25,000",,Manual - 2WD,,2019,,,Petrol,,,
WagonR 2018 full fresh on sale (Maruti Suzuki),"‡§∞‡•Ç. 18,50,000",3 yrs,Manual2WD,Grey,2018,17,1000,Petrol,65000,N/A,
i20 sportz 2013 (Hyundai),"‡§∞‡•Ç. 17,50,000",,Manual - 2WD,light grey,2013,13,1500,Petrol,45,,
Bolero Maxitruck (Mahindra),"‡§∞‡•Ç. 12,00,000",Groceries wholesale,Manual2WD,"Brown, chocolate",2017,,2523,Diesel,100000,,
SUZUKI ALTO (Maruti Suzuki),"‡§∞‡•Ç. 15,75,000",4 YEARS,Manual2WD,GREY,2018,,800,Petrol,46333,,
Enjoy the best rates.Car on sale! (Other Brands),"‡§∞‡•Ç. 3,50,000",2years,Auto2WD,Black,2004,10,1600,Petrol,90819,,
Hyundai I20 Active S 2018 (Full Option) (Hyundai),"‡§∞‡•Ç. 30,75,000",Personal Use,Manual2WD,Sleek Silver,2018,15,1197,Petrol,32000,,
Hyundai Santro full option car 2007 model for sale (Hyundai),"‡§∞‡•Ç. 1,15,00,000",,Manual2WD,Silver,2007,,1100,Petrol,73000,,
Volkswagen polo 1.6 highline 2014 for sale (Volkswagen),"‡§∞‡•Ç. 21,50,000",,Manual2WD,Red,2014,,1600,Petrol,42000,,
Honda Amaze smt 2015 model car for sale (Honda),"‡§∞‡•Ç. 1,85,00,000",,Manual2WD,Blue,2015,,1200,Petrol,45000,,
Hyundai accent (Hyundai),"‡§∞‡•Ç. 7,75,000",around 2 years,Manual - 2WD,silver,2003,15,1500,Petrol,102500,no,
Skoda rapid (Skoda),"‡§∞‡•Ç. 16,50,000",,Manual - 2WD,silver,13,,,Diesel,,,
Hyundai Creta E+ 2019 model for sale (Hyundai),"‡§∞‡•Ç. 40,00,000",,Manual2WD,Pearl white,2019,,1600,Petrol,20000,,
Toyota Corolla LX 2007 single hand (Toyota),"‡§∞‡•Ç. 15,75,000",,Manual - 2WD,light blue metallic,2007,,1497,Petrol,65000,,
Hyundai Tucson 2009 ko bikima akdam milauara dinxu (Hyundai),"‡§∞‡•Ç. 19,99,999",,Auto - 4WD,silver,2009,12,1990,Diesel,70000,,
ALTO 2009 for sale (Maruti Suzuki),"‡§∞‡•Ç. 8,70,000",,Manual2WD,Maroon,2009,16,800,Petrol,57000,,
Suzuki | Dzire VXi | 2018 | Sedan (Maruti Suzuki),"‡§∞‡•Ç. 24,50,000‡§∞‡•Ç. 24,75,000",Private Use,Manual2WD,Silver,2018,12,1200,Petrol,44000,,
Creta 2017 On sale (Hyundai),"‡§∞‡•Ç. 37,50,000",Sometime,Auto4WD,White,2017,20-22,1.6 petrol,Petrol,65000,No,
Maruti Suzuki Celerio VXi (Maruti Suzuki),"‡§∞‡•Ç. 15,85,000",Personal Use,Manual - 2WD,Red,2014,,,Petrol,26000,,
Nissan Micra XV 2015 (Nissan),"‡§∞‡•Ç. 14,50,000",,Manual2WD,Blue,2015`,,1200,Petrol,36000,,
Suzuki swift 2017 ZXI on sale. (Maruti Suzuki),"‡§∞‡•Ç. 24,00,000",personal,Manual2WD,Granite grey,2017,16 in city,1197,Petrol,26000,no,
i20 Active S 2018 (Hyundai),"‡§∞‡•Ç. 30,75,000",,Manual - 2WD,marron,2018,14,1200,Petrol,37000,,
Nissan Terrano 2018 Brand New (Nissan),"‡§∞‡•Ç. 37,50,000",,Manual - 2WD,Silver,2018,,,Petrol,5000,,
Hyundai getz 2008model (Hyundai),"‡§∞‡•Ç. 9,50,000",,Manual - 2WD,sky blue,2008,,1400,Petrol,81000,,
Swift Dzire Vxi (Maruti Suzuki),"‡§∞‡•Ç. 16,00,000",,Manual2WD,Silver,2011,18,1200,Petrol,50000,,
i 10 sports 2010 sale 9813994422 fulopson.1.2fresh (Hyundai),"‡§∞‡•Ç. 14,35,000",onhand,Manual - 2WD,Light grey,2010,18,1200,Petrol,55700,yes,
Breeza zdi 2016 sell or exchange with pickups (Maruti Suzuki),"‡§∞‡•Ç. 30,50,000",Personal use,Manual2WD,Pearl white,2016,16-18,1250,Diesel,55000,no,
santro (Hyundai),"‡§∞‡•Ç. 8,50,000",,Manual - 2WD,sky blue,2004,15,1200,Petrol,55,,
Kia Soul EV 2017 on sale (Kia),"‡§∞‡•Ç. 39,90,000",4 years,Auto2WD,White,2017,9 km/kwh,87 kw,Electric,42000,,
santro (Hyundai),"‡§∞‡•Ç. 9,50,000",,Manual - 2WD,red,2005,15,1200,Petrol,45,,
Grand I10 Nios Magna 2021 Model On Sale (Hyundai),"‡§∞‡•Ç. 29,50,000",,Manual - 2WD,Silver,2021,17,1197,Petrol,19000,,
Sell (Hyundai),"‡§∞‡•Ç. 26,50,000",Office,Manual2WD,Silver,2016,15,1..2,Petrol,38000,No,
2008 Model loadking super nissan on sale (Mahindra),"‡§∞‡•Ç. 6,00,000",,Manual - 2WD,Blue,2008,,2600,Diesel,,,
Excellent 2012 cheverolet uva 1.2 with airbags abs (Chevrolet),"‡§∞‡•Ç. 10,25,000",9 years,Manual2WD,Silver grey,2012,14,1200,Petrol,43000,,
tata super ace good condition n looks good (Tata),"‡§∞‡•Ç. 8,00,000",normal trip n lit trip,Auto - 2WD,white,2012,15,1399,Diesel,70000,no warranty,
Hyundai Creta (Hyundai),"‡§∞‡•Ç. 56,00,000",,Manual - 2WD,White,2021,,1500,Petrol,19000,,
Like brand new car on sale (Nissan),"‡§∞‡•Ç. 42,60,000",1 month,Manual2WD,Silver,2023,20kmpl,1000,Petrol,3000,No,
FORD FIGO TITANIUM 2013 WELL IN CONDITION FUE RUN (Ford),"‡§∞‡•Ç. 12,75,000",,Manual - 2WD,C-RED,2013,,1196,Petrol,21000,,
Maruti suzuki Alto Car 800 LXI 2014 model on sell. (Maruti Suzuki),"‡§∞‡•Ç. 10,00,000",Self purposes,Manual2WD,Silver,2014,23,796,Petrol,149000,,
Sumo 2018 (Tata),"‡§∞‡•Ç. 16,00,000",private,Manual - 2WD,,2018,,3000,Diesel,,,
KIA Sportage AWD in mint condition for urgent sale (Kia),"‡§∞‡•Ç. 30,50,000",,Manual4WD,white,2011,14,1998,Petrol,58010,,
i10 ERA-Urgent Sell (Hyundai),"‡§∞‡•Ç. 12,50,000",13 years,Manual - 2WD,Maroon,2009,12,1098,Petrol,65000,No,
Hyundai Tucson 2009 Model On Sell (Hyundai),"‡§∞‡•Ç. 20,75,000",,Auto - 2WD,,2009,,,Petrol,,,
For sale 2017 model ecosport ambient petrol (Ford),"‡§∞‡•Ç. 18,50,000",,Manual2WD,White,2017,,1500,Petrol,43000,,
Tata Truck -- White & Black color (Tata),"‡§∞‡•Ç. 19,00,000",5,PowerSteering,,2017,,,Diesel,100000,,
Mahindra Bolero Single Cab Pickup 1.5 TPS 2018 (Mahindra),"‡§∞‡•Ç. 15,75,000",,Manual2WD,White,2018,,2523,Diesel,29594,,
Datsun Redigo (Datsun),"‡§∞‡•Ç. 13,50,000",1.5 year,Manual - 2WD,silver,2018,17,1000,Petrol,42000,,
Suzuki | Baleno Delta | 2017 | Hatchback (Hyundai),"‡§∞‡•Ç. 20,25,000‡§∞‡•Ç. 20,50,000",Private Use,Manual2WD,Grey,2017,12,1200,Petrol,55000,,
Suzuki | Wagon R VXi | 2021 | Hatchback (Maruti Suzuki),"‡§∞‡•Ç. 23,50,000‡§∞‡•Ç. 23,75,000",Private Use,Manual2WD,Grey,2021,14,1200,Petrol,13000,,
HYUNDAI CRETA SX+ 2016 FULLY LOADED VEHICLE (Hyundai),"‡§∞‡•Ç. 33,75,000",,Manual - 2WD,Polar White,2016,,1591,Petrol,42097,,
Scorpio Pickup s10 2019 with Finance (Mahindra),"‡§∞‡•Ç. 35,00,000",,Auto - 4WD,silver,2019,,,Diesel,50000,,
Made in Japan and Malaysia assembled car on sale (Perodua),"‡§∞‡•Ç. 8,75,000",13,Manual2WD,white,2008,18,1000,Petrol,70000,,
Celerio VXI 2017 (Maruti Suzuki),"‡§∞‡•Ç. 19,50,000",5,PowerSteering,Grey,2017,18,998,Petrol,41461,Na,
Kia van (Kia),"‡§∞‡•Ç. 10,00,000",delivery,Auto - 2WD,black,2001,8,2000,Diesel,80000,non,
Kia van (Kia),"‡§∞‡•Ç. 4,00,000",10,Auto - 2WD,black,2001,8,2000,Diesel,80000,,
Suzuki Dzire Zxi + (Maruti Suzuki),"‡§∞‡•Ç. 27,00,000",Hospital - Home purpose,Manual2WD,Silver,2017,16-18,1200,Petrol,51000,,
Suzuki | Swift ZXi | 2018 | Hatchback (Maruti Suzuki),"‡§∞‡•Ç. 26,00,000‡§∞‡•Ç. 26,25,000",Private Use,Manual2WD,Grey,2018,12,1200,Petrol,35000,,
Nissan Navara SL 2019 model with Canopy (Nissan),"‡§∞‡•Ç. 60,00,000",,Manual - 4WD,white,2019,,2500,Diesel,,,
Baleno Delta 2017 (Maruti Suzuki),"‡§∞‡•Ç. 22,50,000",family,Manual - 2WD,,2017,,1200,Petrol,32000,,
Toyota LX (Toyota),"‡§∞‡•Ç. 17,80,000",,Auto - 2WD,silver,207,,1497,Petrol,80700,,
Maruti Suzuki zxi (Maruti Suzuki),"‡§∞‡•Ç. 19,90,000",,Auto - 2WD,read,2013,,1197,Petrol,71500,,
Kia Sonet HTE (Kia),"‡§∞‡•Ç. 37,90,000",,Manual - 4WD,White,2023,,1200,Petrol,,,
Maruti Suzuki Swift Dzire Vxi - silky silver (Maruti Suzuki),"‡§∞‡•Ç. 27,00,000",Tourist,Manual2WD,Silky Silver,2019,,1197,Petrol,27000,,
Santro xing 2007 (Hyundai),"‡§∞‡•Ç. 10,75,000",,Auto2WD,Black,2007,14,1086,Petrol,57000,,
TATA Super Ace (Tata),"‡§∞‡•Ç. 5,50,000",Flex Printing company,Manual2WD,White,2013,,1400,Diesel,,No,
single hand honda city (Honda),"‡§∞‡•Ç. 13,00,000",14years,Manual2WD,golden,2008,10,1599,Petrol,1350000,,
Renault Kwid Automatic 2017 model (Renault),"‡§∞‡•Ç. 15,50,000",,Auto - 2WD,silver,2017,15000,999,Petrol,15000,,
i20 good condition for sell (Hyundai),"‡§∞‡•Ç. 16,40,000",personal,Auto2WD,Sliver,2010,14,1200,Petrol,65000,,
Jeep Compass Limited + 2020 (Jeep),"‡§∞‡•Ç. 89,00,000",,Manual4WD,Vocal White,2020,,1956,Diesel,35000,,
Renault kwid 1.0 rxt for sale (Renault),"‡§∞‡•Ç. 14,99,999",6 years,Manual - 2WD,gry,2017,15,1000,Petrol,32000,no,
bhansar ko que ko gadi urgent sale (Mahindra),"‡§∞‡•Ç. 14,50,000",,Manual2WD,red,2012,14,900,Diesel,81000,,
Mahendra Scorpio S5 (2.2) (Mahindra),"‡§∞‡•Ç. 42,00,000",,Manual4WD,silver,2018,+12km,2179,Diesel,58000,no,
Proton Wira Good condition car 2005 model Malaysia (Other Brands),"‡§∞‡•Ç. 6,25,000",,Manual - 4WD,black,2005,,1468,Petrol,6278,,
"Ford India, Eco Sport (Ford)","‡§∞‡•Ç. 22,00,000",,Manual2WD,grey,2013,,1498,Diesel,0,,
Scorpio (Mahindra),"‡§∞‡•Ç. 22,00,000",Personal,Manual2WD,White,2012,Good,2179,Diesel,180000,No,
New Nissan Magnite XE 2022 (BRAND NEW DEAL) (Nissan),"‡§∞‡•Ç. 27,50,000",,Manual2WD,Red,2022,,999,Petrol,10000,,
Tata Ace Hatti Gadi (Tata) (Tata) (Tata),"‡§∞‡•Ç. 10,99,999",Company,Auto2WD,blue,2021,23,1200,Diesel,8000,no,
Toyata (Toyota),"‡§∞‡•Ç. 23,00,000",,Auto - 4WD,,2020,,,Hybrid,,,
maruti 2010 taxi (Maruti Suzuki),"‡§∞‡•Ç. 15,00,000",,Auto - 2WD,white,2010,,800,Petrol,,,
Toyota car (Toyota),"‡§∞‡•Ç. 1,50,000",Home,Manual2WD,White,1993,16,1900,Diesel,100000,No,
Tata manza car sale and exchange (Toyota),"‡§∞‡•Ç. 8,50,000",Home üè°,Manual2WD,White,2012,16,15cc,Diesel,60000,No,
Urgent sell maruti 800 (Maruti Suzuki),"‡§∞‡•Ç. 2,40,000",,Manual2WD,,1999,,,Petrol,,,
Eon era plus 2016 (Hyundai),"‡§∞‡•Ç. 14,00,000",,Manual - 2WD,marron,2016,19,800,Petrol,42000,,
Brezza 1.5 petrol zxi+ 2021 (Maruti Suzuki),"‡§∞‡•Ç. 40,75,000",,Manual - 2WD,silver,2021,16,1500,Petrol,12000,,
Cargo Van On sale (Tata),"‡§∞‡•Ç. 6,50,000",Delivery,Auto - 2WD,Gray,2017,20,800,Diesel,70000,NA,
Hyundai i10 asta grand 2018 push button start (Hyundai),"‡§∞‡•Ç. 25,75,000",,Manual2WD,Silver,2018,,1200cc,Petrol,32000,,
Hyundai i10 grand magna 2014 48000 km (Hyundai),"‡§∞‡•Ç. 18,50,000",,Manual2WD,Gray,2014,,1200cc,Petrol,48000,,
Single handed Cargo van on sale (Maruti Suzuki),"‡§∞‡•Ç. 7,40,000",,Auto2WD,White,2018,,800,Petrol,17000,,
Hyundai Ix35 Crdi (Hyundai),"‡§∞‡•Ç. 37,25,000",,Manual - 4WD,Silk Silver,2011,12,2000,Diesel,36091,,
Naza Forza 2008 Model (Other Brands),"‡§∞‡•Ç. 6,00,000",Home and office,Manual2WD,Satine silver,2008,12km,4,Petrol,,,
2022 Mahindra Scorpio S5 4WD for sale or exchange (Mahindra),"‡§∞‡•Ç. 53,00,000",,Manual4WD,White,2022,,,Petrol,7500,,
Hiace for sale 2015 model (Toyota),"‡§∞‡•Ç. 39,00,000",Commercial purposes,Manual2WD,White,2015,12 km/he,2800,Diesel,,,
Mahendra bolero pickup truck (Mahindra),"‡§∞‡•Ç. 14,50,000",,Manual - 4WD,gray,2017,,2500,Diesel,42000,,
"Eco cargo van 2021 model ,16800 km running ,12lac (Maruti Suzuki)","‡§∞‡•Ç. 12,00,000",1 year,Auto2WD,White,2021 last mdel,16-18,1200,Petrol,16800,No,
Bolero maxitruck (Mahindra),"‡§∞‡•Ç. 16,75,000",,Auto - 4WD,white,2019,,2500,Diesel,56000,,
2010 Model I10 Magna 1.2 New Shape On Sale (Hyundai),"‡§∞‡•Ç. 14,65,000",12 Years,Manual - 2WD,Silver,2010,20,1200,Petrol,60000,A,
Honda City 2004 (Honda),"‡§∞‡•Ç. 7,99,999",,Manual - 2WD,Metallic Grey,2004,,1498,Petrol,108000,,
Hyundai grand i10 (Hyundai),"‡§∞‡•Ç. 24,50,000",2 years,Manual - 2WD,silver,2020,2025,1200,Petrol,26500,,
Well maintained car. Everything is fine. Single ha (Hyundai),"‡§∞‡•Ç. 19,25,000",6 years,Manual2WD,Navy blue,2015,15,1200,Petrol,60000,No,
VW Polo 2014 Highline 1200 (Renault),"‡§∞‡•Ç. 19,50,000",7,Manual2WD,Carbon Steel ( Dark Grey),2014,12 to 14,1200,Petrol,60000,,
Hyundai i10 magna 2014 (Hyundai),"‡§∞‡•Ç. 17,50,000",,Manual - 2WD,silver,2014,,1200,Petrol,93000,,
nissan xtrail 2007 model for sale or exchange (Nissan),"‡§∞‡•Ç. 24,50,000",private use,Auto - 4WD,cream,2007,13,2200,Diesel,60000,no warenty,
